"F [MHz]","mag(Z(Port1,Port1)) [mOhm]","mag(Z(Port2,Port2)) [mOhm]"
0.001,0.785969461532927,0.790071242320796
0.00100767911871528,0.785967610685554,0.790069377290928
0.00101541720629481,0.785965741964034,0.790067493796199
0.00102321471556749,0.785963854531338,0.790065591013344
0.00103107210283956,0.78596191704016,0.790063638667684
0.00103898982792128,0.785959960830357,0.790061666990158
0.00104696835415386,0.785957984368976,0.790059674472379
0.00105500814843655,0.785955956177725,0.790057630719493
0.00106310968125399,0.785953908396161,0.790055566726753
0.0010712734267037,0.785951838710163,0.790053480247395
0.00107949986252389,0.785949715574423,0.790051340812599
0.00108778947012134,0.785947571935317,0.790049180192614
0.00109614273459964,0.785945404626525,0.790046995324164
0.00110456014478753,0.785943182113906,0.790044755731998
0.00111304219326752,0.785940938122246,0.790042493961379
0.00112158937640474,0.785938668601076,0.790040206068605
0.00113020219437596,0.785936342055866,0.790037861635972
0.00113888115119884,0.78593399303601,0.79003549398733
0.0011476267547615,0.785931616479022,0.790033098213323
0.00115643951685215,0.785929181036586,0.790030644035536
0.0011653199531891,0.785926722064956,0.79002816555998
0.00117426858345093,0.78592423342926,0.790025656826417
0.00118328593130688,0.785921684005579,0.790023087770361
0.00119237252444751,0.785919109949939,0.790020493276454
0.00120152889461558,0.785916503955635,0.790017866262562
0.00121075557763718,0.785913835211988,0.790015176959871
0.00122005311345305,0.785911140681912,0.790012461028126
0.0012294220461502,0.785908411812302,0.790009710163864
0.00123886292399378,0.785905618173241,0.7900068949899
0.00124837629945909,0.785902797545209,0.790004051937551
0.00125796272926398,0.785899939997281,0.790001171393256
0.0012676227744014,0.785897015629544,0.789998224467414
0.00127735700017223,0.78589406300453,0.789995248352283
0.00128716597621835,0.785891070728272,0.789992232024778
0.001297050276556,0.785888009512594,0.789989147178834
0.00130701047960937,0.78588491872697,0.789986031781894
0.00131704716824441,0.785881785379427,0.789982873277052
0.00132716092980299,0.785878580921447,0.789979644073267
0.00133735235613723,0.785875345511703,0.789976382884769
0.00134762204364417,0.785872064446572,0.789973075507204
0.00135797059330065,0.785868710062882,0.789969695192487
0.00136839861069847,0.78586532326944,0.789966281401664
0.00137890670607985,0.78586188753734,0.789962818140884
0.00138949549437314,0.785858376213118,0.789959279661372
0.00140016559522878,0.785854830966398,0.78995570613549
0.0014109176330556,0.78585123328672,0.789952079662724
0.00142175223705732,0.785847557693781,0.789948375621533
0.0014326700412694,0.785843846586063,0.789944634895633
0.00144367168459614,0.785840079333057,0.789940837528697
0.00145475781084805,0.785836231798168,0.789936960193431
0.00146592906877954,0.785832347087447,0.789933044456517
0.00147718611212688,0.785828402283416,0.789929068156679
0.00148852959964647,0.785824374774399,0.78992500943143
0.00149996019515337,0.785820308352719,0.78992091051269
0.00151147856756015,0.785816177650577,0.789916746860235
0.00152308539091605,0.785811961762416,0.789912498271811
0.00153478134444641,0.78580770513844,0.789908207609086
0.00154656711259242,0.785803379786514,0.789903847793108
0.00155844338505117,0.785798966723933,0.789899400484387
0.00157041085681602,0.785794511023279,0.78989490912109
0.00158247022821729,0.785789981865657,0.789890343922204
0.00159462220496317,0.785785362425708,0.789885688606431
0.00160686749818111,0.78578069835223,0.789880987181369
0.00161920682445937,0.785775955804259,0.789876206933129
0.00163164090588899,0.785771120355369,0.789871333901521
0.00164417047010603,0.785766238184426,0.789866412603227
0.00165679625033413,0.785761272211771,0.78986140720685
0.00166951898542749,0.785756210672819,0.789856306293595
0.001682339419914,0.785751100219689,0.789851154860855
0.00169525830403893,0.785745900331627,0.789845913732475
0.00170827639380871,0.785740602147471,0.789840574308178
0.00172139445103528,0.78573525276776,0.789835181998614
0.00173461324338061,0.785729807957196,0.789829694059187
0.00174793354440164,0.785724262095545,0.789824104992359
0.00176135613359552,0.785718662635874,0.789818460572357
0.0017748817964453,0.785712961404649,0.789812714223383
0.0017885113244658,0.785707156303208,0.789806863870386
0.00180224551525,0.785701295112322,0.789800955576616
0.00181608517251569,0.78569532540771,0.789794938679443
0.0018300311061525,0.785689248978193,0.789788814856691
0.00184408413226931,0.785683113839919,0.789782630378985
0.00185824507324198,0.785676863055105,0.789776330234132
0.00187251475776149,0.785670502658849,0.789769920193878
0.00188689402088247,0.78566408079969,0.789763446651021
0.00190138370407198,0.785657535735183,0.78975684996333
0.00191598465525886,0.785650878130353,0.789750140351714
0.00193069772888325,0.785644156191573,0.789743364277926
0.00194552378594667,0.785637303030853,0.789736457118184
0.00196046369406237,0.785630334365862,0.789729433979501
0.00197551832750607,0.785623298361387,0.789722341271869
0.00199068856726721,0.785616122646576,0.789715109073989
0.00200597530110041,0.785608828432211,0.789707757794589
0.00202137942357749,0.785601463727864,0.78970033369606
0.00203690183613977,0.78559395032476,0.78969276121877
0.00205254344715087,0.785586315395669,0.789685066517179
0.00206830517194982,0.78557860668488,0.789677295596032
0.00208418793290466,0.785570739755128,0.789669366873937
0.00210019265946639,0.78556274824555,0.789661312751929
0.0021163202882234,0.785554679510878,0.789653178852857
0.00213257176295623,0.785546442466394,0.789644877183067
0.00214894803469284,0.785538077782357,0.78963644690875
0.00216545006176422,0.785529632267702,0.789627933132408
0.00218207880986053,0.785521007767763,0.78961924103633
0.00219883525208755,0.785512252537997,0.789610417105948
0.00221572036902368,0.785503412706622,0.789601505770765
0.00223273514877728,0.78549438258748,0.789592404952383
0.00224988058704453,0.785485218646329,0.78958316904861
0.00226715768716766,0.785475966153126,0.789573841656199
0.00228456746019369,0.78546651141805,0.789564312971049
0.00230211092493359,0.785456919756439,0.78955464592842
0.0023197891080219,0.785447235406012,0.789544883129031
0.00233760304397683,0.785437336169173,0.789534906542563
0.00235555377526073,0.785427296903373,0.789524788316509
0.00237364235234119,0.785417160622364,0.789514569863855
0.00239186983375245,0.785406796074065,0.789504124409834
0.00241023728615734,0.78539628840383,0.789493534031544
0.00242874578440974,0.785385679188406,0.789482838741234
0.00244739641161747,0.785374827553246,0.789471902487296
0.00246619025920564,0.785363829716426,0.789460818011516
0.00248512842698056,0.785352725597563,0.789449623733741
0.00250421202319407,0.785341364092629,0.78943817372212
0.00252344216460841,0.785329853330483,0.789426572203425
0.0025428199765616,0.785318231328631,0.789414855763715
0.00256234659303321,0.785306336114624,0.789402867973339
0.00258202315671081,0.78529428860874,0.789390725410479
0.0026018508190568,0.785282124688517,0.789378462564721
0.0026218307403758,0.785269670820911,0.789365911866252
0.00264196408988253,0.785257061676352,0.789353203150096
0.00266225204577025,0.785244330683517,0.789340368543155
0.00268269579527973,0.785231292070867,0.789327228646972
0.00270329653476867,0.785218095235403,0.789313927512064
0.00272405546978177,0.785204770880049,0.789300494625799
0.00274497381512125,0.785191120213909,0.78928673801938
0.00276605279491791,0.785177308454137,0.789272817006198
0.00278729364270282,0.785163363222871,0.789258758093319
0.00280869760147949,0.785149071943289,0.789244356010653
0.00283026592379659,0.785134616767498,0.789229786388852
0.00285199987182124,0.785120021899614,0.78921507244947
0.00287390071741293,0.785105060132239,0.78919999478368
0.00289596974219789,0.785089931738188,0.789184746510913
0.00291820823764409,0.785074657152138,0.789169347201644
0.00294061750513688,0.785058993638271,0.789153562463857
0.00296319885605507,0.785043160871672,0.789137604130452
0.00298595361184771,0.785027175109353,0.789121487723316
0.00300888310411142,0.785010777160912,0.789104962980279
0.0030319886746683,0.784994207445531,0.7890882617291
0.00305527167564447,0.784977477613057,0.789071395056279
0.00307873346954919,0.784960311032056,0.789054095850272
0.00310237542935457,0.784942970292759,0.789036617339283
0.00312619893857597,0.784925461994179,0.789018965702406
0.00315020539135288,0.784907491020689,0.789000856010303
0.00317439619253061,0.784889343642063,0.788982564318352
0.0031987727577424,0.784871017851844,0.788964088500084
0.00322333651349232,0.784852208144851,0.788945133590255
0.00324808889723873,0.784833216887241,0.788925991162003
0.00327303135747842,0.784814032540699,0.788906649896097
0.00329816535383135,0.784794348455334,0.788886813712758
0.00332349235712605,0.784774474388695,0.788866781293023
0.00334901384948576,0.784754391590139,0.788846534362728
0.00337473132441509,0.784733792812431,0.788825776264331
0.00340064628688746,0.784712995232468,0.788804812818289
0.00342676025343316,0.784691972266291,0.788783618174617
0.00345307475222809,0.78467041666284,0.788761895677381
0.0034795913231832,0.784648653024968,0.788739958303738
0.00350631151803459,0.784626646268315,0.788717771982222
0.00353323690043434,0.784604089795422,0.788695040687569
0.003560369046042,0.784581315634568,0.788672084538912
0.00358770954261678,0.784558279484272,0.788648860576436
0.00361525999011049,0.784534676111334,0.788625074070081
0.00364302200076116,0.784510844944036,0.788601052280413
0.0036709971991874,0.784486731722291,0.788576742614359
0.00369918722248343,0.784462033333945,0.788551852397455
0.00372759372031494,0.784437096596029,0.788526715981386
0.00375621835501558,0.784411856466788,0.788501270380837
0.00378506280168428,0.784386012786419,0.788475225758568
0.00381412874828321,0.784359919717454,0.788448923539007
0.00384341789573666,0.784333500574458,0.788422289482743
0.00387293195803046,0.78430645908423,0.788395037502732
0.0039026726623124,0.784279156647564,0.788367515985376
0.00393264174899318,0.784251504048626,0.788339638596791
0.00396284097184838,0.784223209849165,0.788311123909444
0.003993272098121,0.784194642630711,0.788282327210638
0.0040239369086249,0.784165699664558,0.788253149125249
0.00405483719784904,0.784136095423525,0.78822331392233
0.00408597477406247,0.784106205530603,0.788193183654377
0.00411735145942015,0.78407591272997,0.788162644933606
0.00414896909006959,0.784044938548982,0.788131428815855
0.00418082951625827,0.78401366550213,0.788099903990183
0.00421293460244198,0.783981960742708,0.788067942003244
0.00424528622739386,0.783949554049192,0.788035281883607
0.00427788628431437,0.783916834684691,0.788002298792702
0.00431073668094211,0.783883653045063,0.787968848102144
0.00434383933966539,0.783849748498391,0.787934678087773
0.0043771961976348,0.783815516842436,0.787900170187205
0.00441080920687653,0.78378079050671,0.78786516244164
0.0044446803344066,0.783745319868869,0.787829413719542
0.00447881156234599,0.783709507026022,0.787793311531389
0.00451320488803663,0.783673165165222,0.787756675322794
0.00454786232415826,0.783636057175105,0.787719276045563
0.00458278589884624,0.78359859121325,0.787681506997986
0.00461797765581021,0.783560559852561,0.787643167758171
0.0046534396544537,0.783521740125197,0.787604042904945
0.00468917396999466,0.783482545925047,0.787564531242898
0.00472518269358687,0.783442747811129,0.787524411104543
0.00476146793244232,0.783402138690788,0.787483482359818
0.00479803180995457,0.783361137859398,0.787442148999009
0.00483487646582291,0.783319492331325,0.787400166642582
0.0048720040561777,0.783277012751805,0.787357352260901
0.00490941675370643,0.783234123447333,0.787314114656048
0.00494711674778095,0.783190546304048,0.787270185199449
0.00498510624458552,0.783146111677438,0.787225399866627
0.005023387467246,0.783101248497928,0.78718017185494
0.00506196265595985,0.783055651840892,0.787134206693497
0.00510083406812729,0.783009173893122,0.787087361380831
0.00514000397848341,0.782962247715601,0.787040053068204
0.00517947467923121,0.782914539819941,0.786991959721864
0.00521924848017583,0.782865926454809,0.786942961543984
0.00525932770885967,0.782816844302878,0.786893479130878
0.00529971471069858,0.782766929445961,0.786843161098596
0.00534041184911917,0.782716084598567,0.786791913164285
0.00538142150569706,0.782664749485175,0.786740158800116
0.00542274608029629,0.782612527803677,0.786687515410771
0.00546438799120973,0.782559351276154,0.786633916652562
0.00550634967530059,0.782505662042883,0.786579788279503
0.00554863358814509,0.782451029372146,0.786524714510933
0.00559124220417607,0.782395416683661,0.786468659532532
0.00563417801682784,0.782339267847168,0.786412050736498
0.0056774435386821,0.782282115557079,0.78635443705947
0.00572104130161496,0.782223957772569,0.786295815983265
0.00576497385694511,0.78216523935687,0.786236615788122
0.00580924377558309,0.782105454170024,0.786176347996177
0.00585385364818182,0.782044637743195,0.786115046275276
0.0058988060852881,0.78198323510844,0.786053139022375
0.00594410371749547,0.781920698936126,0.785990098051082
0.00598974919559807,0.781857105534735,0.785925996306286
0.00603574519074585,0.781792899220239,0.785861261438133
0.00608209439460079,0.781727488991369,0.785795323195061
0.00612879951949449,0.781660995308336,0.785728297027023
0.00617586329858686,0.781593860833012,0.785660608938492
0.00622328848602607,0.781525448305331,0.785591644111927
0.00627107785710972,0.781455925901858,0.785521563934664
0.00631923420844725,0.781385733586002,0.785450791760311
0.0063677603581236,0.781314185171549,0.785378665631574
0.00641665914586411,0.781241500274086,0.785305396477602
0.00646593343320071,0.781168115078934,0.785231403939387
0.00651558610363938,0.781093291637565,0.785155976198741
0.00656562006282888,0.781017304966768,0.785079377531333
0.00661603823873079,0.780940586284344,0.785002022715322
0.00666684358179086,0.780862342942147,0.784923147267253
0.00671803906511166,0.780782909524081,0.784843072796264
0.00676962768462656,0.780702710981254,0.784762207975505
0.00682161245927508,0.780620896956083,0.784679732744018
0.00687399643117951,0.78053786591212,0.78459603021329
0.00692678266582298,0.780454035206622,0.784511501652923
0.0069799742522288,0.780368493573257,0.784425268379735
0.00703357430314129,0.780281707949032,0.784337779386453
0.00708758595520788,0.780194086628632,0.784249427141684
0.0071420123691627,0.780104654158525,0.784159271191514
0.00719685673001152,0.780013950717353,0.784067830984218
0.00725212224721817,0.77992237397675,0.783975488698248
0.0073078121548923,0.779828880917377,0.783881238849869
0.00736392971197872,0.779734089940737,0.78378567613351
0.007420478202448,0.779638386453934,0.78368917082474
0.00747746093548878,0.779540656347198,0.783590649076193
0.00753488124570129,0.779441601431612,0.78349078579581
0.00759274249329259,0.779341593120288,0.783389937680483
0.00765104806427317,0.779239442592456,0.783286959040019
0.00770980137065506,0.779135940471173,0.78318261018918
0.00776900585065158,0.77903144232626,0.783077232468381
0.00782866496887846,0.778924680884954,0.782969604763074
0.00788878221655667,0.77881654121757,0.782860578174433
0.00794936111171662,0.77870736108521,0.782750476817411
0.00801040519940415,0.778595790937645,0.782638000491006
0.0080719180518879,0.778482816120944,0.782524096655132
0.00813390326886839,0.77836875451319,0.782409070207311
0.00819636447768867,0.778252170366551,0.78229153811793
0.00825930533354657,0.778134155323894,0.782172549969981
0.00832272951970865,0.778015005225721,0.782052389360769
0.00838664074772569,0.777893194108755,0.781929586592674
0.00845104275764991,0.777769926118404,0.781805299320181
0.00851593931825384,0.777645472798098,0.781679787659898
0.00858133422725086,0.777518213861261,0.781551491345698
0.00864723131151745,0.777389472373868,0.781421682213854
0.00871363442731711,0.777259493186131,0.781290594601044
0.00878054746052606,0.777126557533546,0.781156573725927
0.00884797432686062,0.776992113982339,0.781021011870633
0.00891591897210636,0.776856378196027,0.780884115213269
0.00898438537234902,0.776717528731482,0.780744130450938
0.00905337753420715,0.776577146356428,0.780602576731899
0.0091228994950666,0.776435414982041,0.780459629571802
0.00919295532331682,0.776290406233474,0.78031343312011
0.00926354911858887,0.776143839947805,0.780165639927401
0.00933468501199538,0.7759958655718,0.780016392264249
0.00940636716637227,0.775844443543963,0.779863727701809
0.00947859977652238,0.775691439750685,0.779709438808191
0.00955138706946096,0.775536966394333,0.779553631951509
0.00962473330466298,0.775378868449623,0.779394234093927
0.00969864277431243,0.775219164928732,0.779233184520918
0.0097731198035535,0.775057927878202,0.779070550927364
0.00984816875074368,0.774892882634963,0.778904145711463
0.00992379400770878,0.774726208394783,0.77873606158779
0.01,0.774557934116085,0.778566324761822
0.0100767911871528,0.774385661311067,0.778392629125845
0.0101541720629481,0.774211736503112,0.778217227587949
0.0102321471556749,0.774036093981534,0.778040055316558
0.0103107210283956,0.77385635296391,0.777858823770057
0.0103898982792128,0.773674888790206,0.777675812854879
0.0104696835415386,0.773491583380898,0.777490907402126
0.0105500814843655,0.773304079104919,0.777301841677432
0.0106310968125399,0.773114777742593,0.777110920246478
0.0107127342670371,0.772923505672421,0.776917974590576
0.0107949986252389,0.772727934126665,0.776720767300116
0.0108778947012134,0.772530488712395,0.776521625026711
0.0109614273459964,0.772330937043431,0.776320322847605
0.0110456014478753,0.772126985231609,0.776114657449641
0.0111304219326752,0.771921079817082,0.775906974766315
0.0112158937640474,0.771712926491261,0.775696990443175
0.0113020219437596,0.771500272437301,0.775482541274202
0.0113888115119884,0.771285582043501,0.775265989393789
0.011476267547615,0.771068495894752,0.775046988040755
0.0115643951685215,0.770846808732507,0.774823420350573
0.011653199531891,0.770622999378486,0.774597661314791
0.0117426858345093,0.770396640229509,0.774369298865585
0.0118328593130688,0.770165580263386,0.774136268886942
0.0119237252444751,0.769932309072452,0.773900955670801
0.0120152889461558,0.769696327859279,0.773662878983731
0.0121075557763718,0.769455546716493,0.773420034096845
0.0122005311345305,0.769212462060722,0.773174810694243
0.012294220461502,0.768966501016977,0.772926657737916
0.0123886292399378,0.768715641823927,0.772673636601979
0.0124837629945909,0.768462383496285,0.77241813824512
0.0125796272926398,0.768206076365168,0.77215953829735
0.012676227744014,0.76794477398694,0.771895971115852
0.0127735700017223,0.767680973432947,0.771629824472183
0.0128716597621835,0.767413945777916,0.771360398413711
0.01297050276556,0.767141827099577,0.771085907177283
0.0130701047960937,0.766867107719121,0.770808730644625
0.0131704716824441,0.766588977248033,0.7705280912908
0.0132716092980299,0.766305661540297,0.770242290139569
0.0133735235613723,0.766019639045359,0.769953694193229
0.0134762204364417,0.765730016047468,0.769661446692029
0.0135797059330065,0.765435115363435,0.769363942315759
0.0136839861069847,0.765137398188149,0.769063529911124
0.0137890670607985,0.764835886002289,0.768759272235877
0.0138949549437314,0.764529005697557,0.768449664361588
0.0140016559522878,0.764219195503185,0.768137031417034
0.014109176330556,0.763905391116537,0.767820354918338
0.0142175223705732,0.763586130386146,0.767498236846288
0.014326700412694,0.763263822632543,0.767172972820554
0.0144367168459614,0.762937317314126,0.766843462872877
0.0145475781084805,0.762605269863503,0.766508422146148
0.0146592906877954,0.762270054461289,0.766170110653387
0.0147718611212688,0.761930434540265,0.765827347407018
0.0148852959964647,0.761585189326257,0.765478966511689
0.0149996019515337,0.761236651380324,0.765127186080671
0.0151147856756015,0.760883499083907,0.76477074528354
0.0152308539091605,0.760524641150774,0.76440860249311
0.0153478134444641,0.760162361820017,0.764042927392508
0.0154656711259242,0.759795256238512,0.763672381349371
0.0155844338505117,0.759422367652445,0.763296051638893
0.0157041085681602,0.759045925100886,0.762916052811295
0.0158247022821729,0.758664443247934,0.762530971427104
0.0159462220496317,0.758277104169221,0.762140027524535
0.0160686749818111,0.757886074601485,0.761745273629224
0.0161920682445937,0.757489792644156,0.761345225604208
0.0163164090588899,0.75708758247668,0.760939239136451
0.0164417047010603,0.756681541335979,0.760529297711692
0.0165679625033413,0.756270035888299,0.760113851849232
0.0166951898542749,0.755852534581011,0.759692394607825
0.01682339419914,0.755431057849395,0.759266833349237
0.0169525830403893,0.755003907439472,0.758835560001512
0.0170827639380871,0.754570696904456,0.75839820533876
0.0172139445103528,0.754133362519627,0.757956593540045
0.0173461324338061,0.753690149219872,0.757509066163253
0.0174793354440164,0.753240814881309,0.757055390572179
0.0176135613359552,0.752787204319845,0.756597300629004
0.017748817964453,0.752327515458797,0.756133097544185
0.017885113244658,0.751861647957861,0.755662682294771
0.0180224551525,0.751391347931774,0.755187691428215
0.0181608517251569,0.750914778043934,0.754706397716968
0.0183003110615251,0.75043197509269,0.754218830690883
0.0184408413226931,0.749944579419868,0.753726522777122
0.0185824507324198,0.74945073228111,0.753227732308944
0.018725147577615,0.748950600654995,0.752722609983345
0.0188689402088247,0.748445712250513,0.752212577536011
0.0190138370407198,0.747934203155544,0.751695895191504
0.0191598465525886,0.747416360835343,0.751172824775832
0.0193069772888325,0.746893593909117,0.750644671102739
0.0194552378594667,0.746364052056382,0.750109715161116
0.0196046369406237,0.745828130569679,0.749568316887244
0.0197551832750607,0.745287112934941,0.749021658396998
0.0199068856726721,0.74473918401869,0.748468063095447
0.0200597530110042,0.744184830910137,0.7479079726652
0.0202137942357749,0.743625206513103,0.747342441349058
0.0203690183613977,0.743058555476873,0.746769859614437
0.0205254344715087,0.742485436971565,0.746190730843986
0.0206830517194982,0.741906868511416,0.745605976897962
0.0208418793290466,0.741321182537843,0.745014083269129
0.0210019265946639,0.740728986344946,0.744415590866948
0.021163202882234,0.74013115815132,0.743811285511541
0.0213257176295624,0.739526149732606,0.743199779235168
0.0214894803469284,0.738914588046535,0.742581621767425
0.0216545006176422,0.738297209055389,0.741957460219516
0.0218207880986052,0.737672619340077,0.741326068509399
0.0219883525208755,0.737041431986447,0.740687971510819
0.0221572036902368,0.736404238931869,0.740043676122584
0.0223273514877728,0.735759841181685,0.739392157618631
0.0224988058704453,0.73510879892638,0.738733876895738
0.0226715768716766,0.734451559660288,0.738069200447223
0.0228456746019369,0.733787162906314,0.737397348814556
0.0230211092493359,0.733116070953084,0.736718673860435
0.023197891080219,0.732438587935986,0.736033403034932
0.0233760304397683,0.731754040799293,0.735341050735837
0.0235555377526073,0.731062742387824,0.734641808338891
0.0237364235234119,0.730364856330051,0.733935767304028
0.0239186983375245,0.729660050982573,0.733222789540026
0.0241023728615734,0.72894843116932,0.732502847484732
0.0242874578440974,0.728230024819895,0.731775901640464
0.0244739641161747,0.72750490106846,0.7310422203909
0.0246619025920564,0.72677289060578,0.730301491322416
0.0248512842698056,0.726033892639997,0.72955355116372
0.0250421202319407,0.72528844219451,0.728799139374953
0.0252344216460842,0.724536021544361,0.728037584754103
0.0254281997656159,0.723776410589923,0.727268609845839
0.0256234659303321,0.723010681367352,0.726493495701005
0.0258202315671081,0.722237884786422,0.725711129854137
0.026018508190568,0.72145769353568,0.724921132894289
0.026218307403758,0.720671794078617,0.724125404185818
0.0264196408988253,0.719878713779263,0.723322298415131
0.0266225204577025,0.719078033177792,0.722511349362675
0.0268269579527973,0.718272137117296,0.721695157890455
0.0270329653476867,0.717458927515676,0.72087144463868
0.0272405546978177,0.716637910971243,0.72003967488941
0.0274497381512125,0.715812261520421,0.71920324088897
0.0276605279491791,0.714979143437842,0.718359117923941
0.0278729364270282,0.714138011078947,0.71750672448917
0.0280869760147949,0.713292925526026,0.716650341062356
0.0283026592379659,0.712440190415229,0.715786075618657
0.0285199987182124,0.711579233314961,0.71491332530429
0.0287390071741293,0.710715107434796,0.714037362760991
0.0289596974219789,0.709843121568031,0.713153295660807
0.0291820823764409,0.708962705923295,0.712260529173257
0.0294061750513688,0.708080018329172,0.711365439299002
0.0296319885605507,0.707189226849512,0.710461988957336
0.0298595361184771,0.706289798063228,0.709549624915888
0.0300888310411142,0.705389114389427,0.708635945091419
0.030319886746683,0.704480045289725,0.707713611385128
0.0305527167564447,0.703562131921128,0.706782150184813
0.0307873346954919,0.702644108840163,0.705850507308391
0.0310237542935457,0.701717376685842,0.704909875245872
0.0312619893857597,0.700781594209197,0.703959902764338
0.0315020539135289,0.699846983156299,0.70301101687071
0.0317439619253061,0.698903292641048,0.702052760052006
0.031987727577424,0.697950463791349,0.701085069831268
0.0322333651349232,0.696999997575646,0.700119638695358
0.0324808889723873,0.696040146729523,0.69914452242126
0.0327303135747842,0.69507123243648,0.698160044164976
0.0329816535383135,0.69410570057469,0.697178820847783
0.0332349235712605,0.693130583624776,0.696187704902758
0.0334901384948576,0.692146543955203,0.695187363561306
0.0337473132441509,0.691166937158773,0.694191302557882
0.0340064628688746,0.690177546985684,0.693185143549625
0.0342676025343316,0.689179446503883,0.692169966636722
0.0345307475222809,0.688186855785438,0.691160120814941
0.034795913231832,0.687184285844274,0.690139973992175
0.0350631151803459,0.686173295610663,0.689111093437298
0.0353323690043434,0.685168913621934,0.688088615273738
0.03560369046042,0.684154359320136,0.687055635768215
0.0358770954261678,0.683131758174924,0.68601428911679
0.0361525999011049,0.682116879943667,0.684980431287741
0.0364302200076116,0.681091639336843,0.683935874697676
0.036709971991874,0.680058814503082,0.682883405568713
0.0369918722248343,0.679034837408489,0.681839520788541
0.0372759372031494,0.678000311135153,0.680784742999134
0.0375621835501559,0.676958757958938,0.679722600660068
0.0378506280168428,0.675927180830985,0.678670140683368
0.0381412874828321,0.674884871256474,0.677606596847721
0.0384341789573666,0.673836192022291,0.676536334907125
0.0387293195803046,0.672798613356185,0.675476848578799
0.039026726623124,0.67175012269362,0.674406091118427
0.0393264174899318,0.670696024392079,0.673329365138561
0.0396284097184838,0.669654139470217,0.672264495368179
0.03993272098121,0.668601166943457,0.671188170971821
0.040239369086249,0.667543457846943,0.670106734894247
0.0405483719784904,0.666499054726837,0.669038214508282
0.0408597477406247,0.66544339249633,0.667958059930171
0.0411735145942015,0.664383977475528,0.666873761228206
0.0414896909006959,0.663338931698703,0.665803407525472
0.0418082951625827,0.66228245956083,0.664721244117779
0.0421293460244198,0.661223333943306,0.663636017500155
0.0424528622739386,0.660179601840895,0.662565725423298
0.0427788628431437,0.659124280508918,0.661483452272753
0.0431073668094211,0.658067522382994,0.66039931184675
0.0434383933966539,0.65702713284574,0.659331045596748
0.043771961976348,0.655974995704505,0.658250631145033
0.0441080920687653,0.654922756503424,0.657169660847204
0.044446803344066,0.653887801097141,0.656105443886767
0.0447881156234599,0.652840944273242,0.655028915866944
0.0451320488803663,0.651795437505577,0.653953258067206
0.0454786232415826,0.650768058755313,0.652895161280836
0.0458278589884624,0.649728629389254,0.651824594882007
0.0461797765581021,0.648692117305929,0.650756436941607
0.046534396544537,0.647674495045186,0.649706564902203
0.0468917396999466,0.646644677590553,0.648644068980887
0.0472518269358687,0.64561945568017,0.647585627687917
0.0476146793244232,0.644613791268056,0.646546102815479
0.0479803180995456,0.643595791697909,0.64549380404816
0.0483487646582291,0.642584170801404,0.644447307657996
0.048720040561777,0.641592669069094,0.643420252181103
0.0490941675370643,0.64058869679718,0.642380276965409
0.0494711674778094,0.639592982677036,0.641347944839708
0.0498510624458552,0.638617831501926,0.640335460386804
0.05023387467246,0.637630078888128,0.639309914398797
0.0506196265595985,0.636652549099513,0.638293933962218
0.051008340681273,0.635695896393648,0.637298078674541
0.0514000397848341,0.634726515676028,0.636289023976508
0.0517947467923121,0.63376939362387,0.635291524912646
0.0521924848017583,0.632833321641346,0.63431428799243
0.0525932770885967,0.631884399226861,0.633323717480275
0.0529971471069858,0.63094982520571,0.632346743092492
0.0534041184911917,0.63003632211004,0.631390016697517
0.0538142150569706,0.629109850047247,0.630419825953039
0.0542274608029629,0.628199849235033,0.629465301599145
0.0546438799120973,0.627310777829728,0.628530850023837
0.055063496753006,0.626408622468197,0.627582806443852
0.0554863358814509,0.625525069870994,0.626652505053513
0.0559124220417607,0.624662133525208,0.625741931314385
0.0563417801682784,0.623786001328705,0.62481764058738
0.056774435386821,0.62293058369629,0.623913145364561
0.0572104130161496,0.622095289562405,0.62302785523569
0.0576497385694511,0.62124669024219,0.622128725316312
0.0580924377558309,0.620420865139091,0.621251389844828
0.0585385364818182,0.619614484910321,0.62039255366734
0.058988060852881,0.618794692015928,0.619519756451564
0.0594410371749547,0.617999644419678,0.618670662556795
0.0598974919559807,0.617223172956608,0.617839175189971
0.0603574519074584,0.616433182400252,0.616993606377441
0.0608209439460079,0.615669779373519,0.616173520351321
0.0612879951949449,0.614923891859903,0.615369959908742
0.0617586329858686,0.614164378875011,0.614552197606849
0.0622328848602607,0.61343312310297,0.613761525636165
0.0627107785710972,0.612718131550744,0.612986111890788
0.0631923420844725,0.61198940703823,0.612196374886499
0.063677603581236,0.611290390461666,0.611435118878906
0.0641665914586411,0.610606200740753,0.61068767251634
0.0646593343320071,0.609908168153932,0.609925779423858
0.0651558610363938,0.609241027214007,0.609193494772714
0.0656562006282888,0.608587098262201,0.608473399100125
0.0661603823873079,0.607919212630236,0.607738729975925
0.0666684358179086,0.607283087218748,0.607034487392533
0.0671803906511166,0.606658394404728,0.606340654519522
0.0676962768462656,0.606019625589942,0.605632116961023
0.0682161245927508,0.60541312437414,0.604954470867833
0.0687399643117951,0.6048161296469,0.604285314888808
0.0692678266582298,0.604204932395767,0.603601317204374
0.069799742522288,0.603626107736087,0.602948283946068
0.0703357430314129,0.603054739687673,0.602301704142814
0.0708758595520788,0.602469033707535,0.601640138640937
0.0714201236916269,0.601915370073061,0.601009188168528
0.0719685673001152,0.601367017611552,0.600382565885114
0.0725212224721817,0.600804181358064,0.599740805854493
0.0730781215489231,0.60027260173792,0.599128871291183
0.0736392971197872,0.599744125667648,0.598519084386494
0.07420478202448,0.599201008078395,0.597893998845019
0.0747746093548878,0.598687903322169,0.59729750846587
0.0753488124570129,0.598175670287065,0.596700967749568
0.075927424932926,0.597648625155086,0.596088958262692
0.0765104806427317,0.59714991130481,0.595503894784844
0.0770980137065506,0.596649854797696,0.594916606672541
0.0776900585065158,0.596134802298824,0.594313670543242
0.0782866496887846,0.595646010771202,0.593735662006812
0.0788878221655667,0.595153723341757,0.593153321215602
0.0794936111171662,0.594646242978914,0.592555144878704
0.0801040519940415,0.594162647078579,0.591979590384039
0.0807191805188791,0.593673506764451,0.591397705256791
0.0813390326886839,0.593168964619971,0.590799790368169
0.0819636447768867,0.59268574402367,0.590222021705403
0.0825930533354657,0.592195075590923,0.589636072486246
0.0832272951970865,0.591688786639235,0.589033895063719
0.0838664074772569,0.591201227190901,0.588449371457214
0.0845104275764991,0.590704495198667,0.587854998124055
0.0851593931825384,0.590191917373723,0.587244197282255
0.0858133422725086,0.589695637850465,0.586648724738562
0.0864723131151745,0.589188662512883,0.586041935503463
0.0871363442731711,0.588665613607237,0.585418522721146
0.0878054746052606,0.588156801994595,0.584808480893651
0.0884797432686062,0.58763598039411,0.58418586422395
0.0891591897210637,0.587098860116231,0.583546436031451
0.0898438537234902,0.586574489154753,0.582918983422489
0.0905337753420715,0.586036992354831,0.58227789528991
0.091228994950666,0.585482979999259,0.581619820738978
0.0919295532331682,0.584940954065263,0.580973032357528
0.0926354911858887,0.584384854125318,0.580311714659333
0.0933468501199537,0.583812035646866,0.579633253661321
0.0940636716637227,0.583251196740278,0.578966122541803
0.0947859977652238,0.582675455294803,0.578283687969791
0.0955138706946096,0.582082811318554,0.577583975532953
0.0962473330466298,0.58150269909244,0.576896178801818
0.0969864277431243,0.580906918973418,0.576192369143713
0.097731198035535,0.580294075110318,0.575471172518324
0.0984816875074368,0.579694291678749,0.574762461660366
0.0992379400770879,0.579078092887577,0.574037049400988
0.1,0.578444693573858,0.573294167977148
0.100767911871528,0.57782186363322,0.57257379742685
0.101541720629481,0.57718203376731,0.571835990308882
0.102321471556749,0.576525650659245,0.571081164991661
0.103107210283956,0.575882558865991,0.570337542434136
0.103898982792128,0.575222379556996,0.569576452124274
0.104696835415386,0.574546174910798,0.568798900175945
0.105500814843655,0.573882455578189,0.56803196019936
0.106310968125399,0.573201588909014,0.567247552295073
0.10712734267037,0.572505244436856,0.566447267437887
0.107949986252389,0.571820557626672,0.565656983906898
0.108778947012135,0.571118692904631,0.564849264408223
0.109614273459964,0.570401915372315,0.564026278527697
0.110456014478753,0.569695949661381,0.563212667335225
0.111304219326752,0.568972806115188,0.562381685297011
0.112158937640474,0.568235329849864,0.561536071007853
0.113020219437596,0.567507805160718,0.560699192794066
0.113888115119884,0.56676313471448,0.559845042914252
0.11476267547615,0.566004724232941,0.558976916029306
0.115643951685215,0.56525539473642,0.558116878783349
0.11653199531891,0.564488984833126,0.557239703911823
0.117426858345093,0.563709437546077,0.556349225861569
0.118328593130688,0.562938094626867,0.555466187438862
0.119237252444751,0.562149771092139,0.55456618095199
0.120152889461558,0.561348920072149,0.553653561117152
0.121075557763718,0.560555395347477,0.552747731612182
0.122005311345305,0.559745025304345,0.55182513967229
0.12294220461502,0.558922742118404,0.550890637544753
0.123886292399378,0.558106910454971,0.549962281524036
0.124837629945909,0.557274405248336,0.549017405147849
0.125796272926398,0.556430602842169,0.548061332431773
0.12676227744014,0.555592385413115,0.547110770977207
0.127735700017223,0.554737703532883,0.546143967960079
0.128716597621835,0.55387233913227,0.545166690427313
0.1297050276556,0.55301170645094,0.544194302997003
0.130701047960937,0.552134856456434,0.54320598960549
0.131704716824441,0.551247934485351,0.542207928826393
0.132716092980299,0.55036490940035,0.541214154885382
0.133735235613723,0.549465952798564,0.540204807353304
0.134762204364417,0.548557527784858,0.5391864421992
0.135797059330065,0.54765218846156,0.538171782601547
0.136839861069847,0.546731242508188,0.537141938365167
0.137890670607985,0.545801421991528,0.536103806273535
0.138949549437314,0.544873904767548,0.535068824405519
0.140016559522878,0.543931145251945,0.534019083083589
0.14109176330556,0.542980092592312,0.532961781112357
0.142175223705732,0.542030594795694,0.531907103741806
0.14326700412694,0.541066258657601,0.530838127850017
0.144367168459614,0.540094195818708,0.529762313420091
0.145475781084805,0.53912297843921,0.528688631253107
0.146592906877954,0.538137366319532,0.527601146619056
0.147718611212688,0.537144576517828,0.526507538028583
0.148852959964647,0.536151966742926,0.525415605951645
0.149996019515337,0.535145445375095,0.524310401832141
0.151147856756015,0.534132275643606,0.523199778433025
0.152308539091605,0.533118669211732,0.522090415471585
0.153478134444641,0.53209167365779,0.520968344351205
0.154656711259242,0.531058537249,0.51984154643881
0.155844338505117,0.530024400660505,0.518715635340112
0.157041085681602,0.528977436334448,0.517577612439629
0.158247022821729,0.527924814932675,0.516435540824675
0.159462220496317,0.526870687410749,0.515294027350416
0.160686749818111,0.525804331919852,0.514141029764466
0.161920682445937,0.524732777700241,0.51298464502553
0.163164090588899,0.523659272950317,0.51182853688687
0.164417047010603,0.522574177701552,0.510661602459826
0.165679625033413,0.521484315123422,0.509491923855971
0.166951898542749,0.520392122801573,0.50832228933486
0.1682339419914,0.519289014362941,0.507142515170159
0.169525830403892,0.518181541745501,0.505960619240158
0.170827639380871,0.517071428678307,0.504778585469222
0.172139445103528,0.515951109846649,0.503587126141424
0.173461324338061,0.514826800663967,0.50239414498801
0.174793354440164,0.513699611783061,0.50120089593156
0.176135613359552,0.512562962362675,0.499998961405911
0.17748817964453,0.511422666257657,0.498796080638415
0.17885113244658,0.510279325188282,0.497592854735649
0.180224551525,0.5091273024989,0.496381707987683
0.181608517251569,0.507971945963945,0.495170164376554
0.18300311061525,0.506813455310847,0.493958251938816
0.184408413226931,0.505647094325339,0.492739206279903
0.185824507324198,0.504477681077677,0.491520285114472
0.187251475776149,0.503305122363046,0.49030102541053
0.188689402088247,0.502125535515802,0.48907544158865
0.190138370407198,0.500943146512629,0.487850473772294
0.191598465525886,0.499757679744421,0.486625251865017
0.193069772888325,0.498566056394989,0.485394534901031
0.194552378594667,0.497371849486199,0.484164893746945
0.196046369406237,0.496174712368653,0.48293513713263
0.197551832750607,0.494972317900611,0.481700732950915
0.199068856726721,0.493767527111373,0.480467830785057
0.200597530110042,0.492560033875379,0.479235005788023
0.202137942357749,0.491348208393579,0.477998397670801
0.203690183613977,0.490134142819576,0.476763682209484
0.205254344715087,0.488917682693712,0.475529290201995
0.206830517194982,0.487697839353903,0.474291995062175
0.208418793290466,0.486475881674711,0.473056945568993
0.210019265946639,0.485251916898377,0.47182251909895
0.21163202882234,0.484025539860119,0.470586083623551
0.213257176295623,0.482797144447652,0.469352206964217
0.214894803469284,0.481567207976845,0.468119305666064
0.216545006176422,0.480335849917947,0.46688530237941
0.218207880986053,0.47910254054339,0.465654128881591
0.219883525208755,0.477868233296054,0.464424335386895
0.221572036902368,0.476633512570576,0.463194358608716
0.223273514877729,0.47539687974111,0.461967437855706
0.224988058704453,0.474159867462232,0.460742353585623
0.226715768716766,0.472923464821897,0.459518015374632
0.228456746019369,0.471685162713172,0.458296911906302
0.230211092493359,0.470447172470342,0.457078152862736
0.23197891080219,0.469210827390451,0.455861078914381
0.233760304397683,0.467972570365278,0.454647367849774
0.235555377526073,0.466735386626354,0.453436560414231
0.237364235234119,0.465500893242661,0.45222838600526
0.239186983375245,0.464264452035833,0.451023648689259
0.241023728615734,0.463029912363258,0.449822425401912
0.242874578440974,0.4617991149981,0.448624791361705
0.244739641161747,0.460566312488684,0.447430610970873
0.246619025920564,0.459336302850014,0.446240606426217
0.248512842698056,0.458111091144078,0.44505515515686
0.250421202319407,0.456883797788796,0.443873112321804
0.252344216460841,0.455660247493588,0.442695959097066
0.25428199765616,0.454442551156693,0.441524330703604
0.256234659303321,0.453222680057021,0.440355999236676
0.258202315671081,0.452007556311906,0.43919332394072
0.260185081905681,0.450799339502303,0.438037152429736
0.26218307403758,0.449588841122612,0.436884095059142
0.264196408988253,0.448384143230837,0.435737514501696
0.266225204577025,0.447187398555506,0.43459842408721
0.268269579527972,0.445988255102623,0.433462188385119
0.270329653476867,0.444796008293115,0.432333305858518
0.272405546978177,0.443612750492975,0.431212907352647
0.274497381512125,0.442426969932997,0.430095021750769
0.276605279491791,0.441249218861358,0.428985423500874
0.278729364270282,0.4400814781895,0.427885310757588
0.28086976014795,0.43891108791511,0.426787280849119
0.283026592379659,0.437749889813892,0.425698532645249
0.285199987182124,0.436599705104388,0.424620278993315
0.287390071741293,0.435446745219407,0.423543584145963
0.289596974219788,0.434304162754477,0.422477228027753
0.291820823764409,0.433173574349358,0.421422382616019
0.294061750513688,0.432040090515037,0.420368473044843
0.296319885605507,0.430918184353415,0.419326024157576
0.298595361184771,0.429809226805155,0.418296108035783
0.300888310411142,0.428697262672637,0.41726640257356
0.30319886746683,0.427598083756396,0.41624934611206
0.305527167564447,0.426512778513774,0.415245847884715
0.307873346954919,0.425424367610806,0.414241732671781
0.310237542935457,0.424349949254028,0.413251520775858
0.312619893857597,0.42329029732633,0.412275891485921
0.315020539135288,0.422227454409584,0.411298719925479
0.317439619253061,0.421179804226047,0.410336768463877
0.31987727577424,0.420147590979391,0.409390233537183
0.322333651349232,0.41911249075568,0.40844150964802
0.324808889723873,0.418093582471903,0.407509194710319
0.327303135747842,0.417090544426548,0.406592879348458
0.329816535383134,0.416085337898537,0.405674127800537
0.332349235712605,0.415097103109412,0.404772781633113
0.334901384948576,0.414125121024155,0.403887921287683
0.337473132441509,0.413151725254765,0.403000471671678
0.340064628688746,0.412196045197508,0.402131377959779
0.342676025343316,0.41125695340764,0.401279149709912
0.345307475222809,0.410317224877221,0.400424297655938
0.347959132318319,0.409395922251599,0.399588686223822
0.350631151803459,0.408491500144677,0.39877020839815
0.353323690043434,0.407587226039693,0.397949204308432
0.3560369046042,0.406702056810187,0.397148245957689
0.358770954261678,0.405834019762942,0.396364582516415
0.361525999011049,0.404966909985653,0.395578610794571
0.364302200076116,0.404119555184207,0.394813413932079
0.36709971991874,0.403289544905018,0.394065584587991
0.369918722248343,0.402461224949089,0.393315737074827
0.372759372031494,0.401653282381311,0.392587348168894
0.375621835501558,0.400862856779564,0.391876341380951
0.378506280168428,0.400074861418208,0.391163600369327
0.381412874828322,0.399307837114411,0.390473007892391
0.384341789573666,0.398558459986617,0.389799786989514
0.387293195803046,0.397812227409161,0.389125039288078
0.39026726623124,0.397087526898401,0.38847317582562
0.393264174899318,0.396380557713837,0.387838663282118
0.396284097184838,0.39567742361009,0.387202749597968
0.3993272098121,0.394996343031999,0.386590482958515
0.40239369086249,0.394333027418195,0.385995517515442
0.405483719784904,0.393674218528354,0.385399283928995
0.408597477406247,0.393037935790221,0.38482739512459
0.411735145942015,0.392419396990505,0.384272682635466
0.414896909006958,0.391806023732938,0.383716987018239
0.418082951625827,0.391215590029531,0.383186146686729
0.421293460244198,0.390642821630676,0.3826722408924
0.424528622739386,0.390075869841803,0.382157903758401
0.427788628431437,0.38953220181852,0.381668662022043
0.431073668094211,0.389006061723802,0.381195987350613
0.434383933966539,0.388486383770881,0.380723722633221
0.43771961976348,0.387990256600089,0.380276514675658
0.441080920687653,0.387511461977758,0.379845406529735
0.44446803344066,0.387039767879386,0.379415772189063
0.447881156234599,0.386591809321182,0.379010929416787
0.451320488803663,0.386160932232357,0.378621660752002
0.454786232415826,0.385737781316108,0.378235041860104
0.458278589884624,0.385338466776649,0.377872799036326
0.461797765581021,0.384955930078791,0.377525582876637
0.46534396544537,0.384581723667737,0.377182198047179
0.468917396999466,0.384231372127559,0.376862693932253
0.472518269358687,0.383897445502548,0.376557670327756
0.476146793244232,0.383572420945708,0.376257588129399
0.479803180995457,0.383271191587284,0.375980862838713
0.483487646582291,0.382985987533895,0.375718083314132
0.48720040561777,0.382710213582218,0.37546124125791
0.490941675370643,0.382458103037103,0.375227235076303
0.494711674778095,0.382221572954619,0.375006653934567
0.498510624458552,0.381994946420064,0.37479287895219
0.5023387467246,0.381791786503388,0.374601436974251
0.506196265595985,0.381603716972566,0.374422914674356
0.510083406812729,0.381425960493019,0.37425194781272
0.514000397848341,0.381271416415084,0.374102834171033
0.517947467923121,0.381131425837365,0.373966155693046
0.521924848017583,0.381002086585606,0.373837685099588
0.525932770885967,0.380895655629774,0.373730609971497
0.529971471069858,0.38080319136543,0.373635520071174
0.534041184911917,0.380721640491959,0.373549225836215
0.538142150569706,0.380662651151861,0.373483887567484
0.542274608029629,0.380616987274756,0.373430143589109
0.546438799120973,0.380582420019732,0.37338575597327
0.550634967530059,0.380570031678064,0.373361898640122
0.554863358814509,0.380570267412741,0.373349338575916
0.559124220417607,0.380581703728431,0.37334670658737
0.563417801682784,0.380614906855579,0.373364189195621
0.56774435386821,0.380659965684212,0.373392806693561
0.572104130161496,0.380716251437933,0.373431966428758
0.576497385694511,0.380793868381212,0.373490832496797
0.580924377558309,0.380882497924323,0.37356084067224
0.585385364818182,0.380982306602033,0.373642062055293
0.589880608528811,0.381102992966434,0.373742587617572
0.594410371749547,0.381233765583435,0.373854440175283
0.598974919559807,0.381375600633485,0.373978217604515
0.603574519074585,0.381537847363139,0.374120902592664
0.608209439460078,0.381709161634503,0.374275227573868
0.612879951949448,0.381891359457001,0.374442169323776
0.617586329858686,0.382093495683897,0.374627626587736
0.622328848602607,0.382303578819463,0.374825022119007
0.627107785710972,0.382524312688653,0.375035593096736
0.631923420844725,0.382764509559679,0.375264289318056
0.63677603581236,0.383011421020453,0.375504943880063
0.641665914586411,0.383268706098171,0.375759038068863
0.646593343320071,0.383544981731019,0.376030863119609
0.651558610363938,0.383826618335938,0.376314007310751
0.656562006282888,0.384118318229788,0.376610379932076
0.661603823873079,0.384428544266754,0.376924075489701
0.666684358179086,0.384742647330454,0.377247353930028
0.671803906511166,0.385066482623522,0.37758302884718
0.676962768462656,0.385408392807127,0.377935594041203
0.682161245927508,0.385752557905858,0.378294552166126
0.687399643117952,0.386106117428829,0.378664419539554
0.692678266582297,0.386477318897238,0.37905071102202
0.69799742522288,0.386849009271453,0.379438681465237
0.703357430314129,0.387229764968905,0.379835566474185
0.708758595520788,0.387627753242959,0.380248375712147
0.71420123691627,0.388024317921165,0.380657046424523
0.719685673001152,0.388429644547444,0.381072485312094
0.725212224721817,0.388851823344978,0.381503329468164
0.73078121548923,0.389270521620027,0.381924086630485
0.736392971197872,0.389697722703509,0.38234980959851
0.742047820244801,0.390141430158061,0.382790431846749
0.747746093548877,0.390579464215349,0.383216170215766
0.753488124570129,0.391025806204674,0.383645875845439
0.75927424932926,0.391488349310308,0.384090033064917
0.765104806427316,0.391942907380495,0.384516706560511
0.770980137065506,0.392405664105909,0.38494736473449
0.776900585065158,0.392884363736781,0.385392132050241
0.782866496887847,0.393352676338955,0.385819275328038
0.788878221655666,0.393829186366622,0.386251300838435
0.794936111171662,0.394321435416047,0.386697231779357
0.801040519940416,0.394800847637768,0.38712721535007
0.80719180518879,0.395288587311941,0.387563475615811
0.813390326886839,0.395791924793384,0.388013586290111
0.819636447768867,0.396279987747418,0.388450082438223
0.825930533354656,0.396776662709755,0.388894336275768
0.832272951970865,0.397288866810225,0.389352521663116
0.838664074772569,0.397783450942192,0.389798955140127
0.845104275764991,0.398287108841367,0.390254448530819
0.851593931825384,0.398806311465873,0.390724066614973
0.858133422725086,0.39930574407982,0.391182593515615
0.864723131151745,0.399814910250993,0.391651228762768
0.871363442731711,0.400339735095029,0.392134271207011
0.878054746052606,0.400842962808393,0.392605441195259
0.884797432686062,0.401356799575983,0.393087584007165
0.891591897210636,0.401886523995131,0.393584494696524
0.898438537234902,0.402393298913481,0.394067501748842
0.905337753420715,0.402911786776203,0.394562306064263
0.912289949506661,0.403446525682361,0.395072321816557
0.919295532331682,0.403957610744366,0.395565661273657
0.926354911858887,0.404481746741763,0.396071738993981
0.933468501199538,0.405022653265299,0.396593575331475
0.940636716637226,0.405540038177483,0.397095917641129
0.947859977652238,0.406072042491021,0.397612183003424
0.955138706946096,0.406621515946296,0.39814489166372
0.962473330466297,0.407148630002971,0.398656004965835
0.969864277431242,0.4076921471283,0.399182544675071
0.97731198035535,0.408254033806255,0.399726391995678
0.984816875074368,0.408795936616368,0.400247978381452
0.992379400770878,0.4093562123499,0.400786827787765
1,0.409935979502604,0.401344072773917
1.00767911871528,0.410499505807351,0.401880417404777
1.01541720629481,0.411083516867867,0.402436153007958
1.02321471556749,0.411687745282158,0.403010906267022
1.03107210283956,0.412282207464862,0.403569997419753
1.03898982792128,0.412898717851902,0.404150082573497
1.04696835415386,0.41353662388417,0.404750296268135
1.05500814843655,0.414172307907749,0.405342259643864
1.06310968125399,0.41483182669725,0.405957104639905
1.0712734267037,0.415514416272746,0.406593791449878
1.07949986252389,0.41620322048679,0.407231486570192
1.08778947012135,0.41691784040863,0.407894209279773
1.09614273459964,0.417657715919188,0.408581142606972
1.10456014478753,0.418412879063068,0.409279671994076
1.11304219326752,0.419195985120117,0.410005574748979
1.12158937640474,0.420007013776291,0.410758687670043
1.13020219437596,0.420842715987447,0.41153466890242
1.13888115119884,0.4217085677106,0.412340479430462
1.1476267547615,0.422605419248352,0.413177023382153
1.15643951685215,0.423536274211047,0.414047697469237
1.1653199531891,0.424499482587061,0.414950653351299
1.17426858345093,0.425497063219186,0.41588821054941
1.18328593130688,0.426537537211732,0.416870484376502
1.19237252444751,0.427612474876819,0.417887363908293
1.20152889461558,0.428725302859732,0.418942829820938
1.21075557763718,0.429889111127812,0.420052361290676
1.22005311345305,0.431089308556432,0.421198572708906
1.2294220461502,0.43233089011114,0.422387229472436
1.23886292399378,0.433630429385659,0.423637658026511
1.24837629945909,0.434968016746542,0.424926489792714
1.25796272926398,0.436350286298398,0.426261275431691
1.2676227744014,0.437796161646548,0.427663677112708
1.27735700017223,0.439281413729509,0.429105785149844
1.28716597621835,0.440814297034666,0.430596829740216
1.297050276556,0.442414990845857,0.43215943979146
1.30701047960937,0.444056020683677,0.433762609104193
1.31704716824441,0.445747164231203,0.435417064918772
1.32716092980299,0.447508877059012,0.437145270181468
1.33735235613723,0.44931150452119,0.438914446471377
1.34762204364417,0.451166192300449,0.440736595057425
1.35797059330065,0.453092862581655,0.442633161698976
1.36839861069847,0.455060661301507,0.444570712855511
1.37890670607985,0.457081915473224,0.446562296675108
1.38949549437314,0.459175402937951,0.448627773458502
1.40016559522878,0.461309907085679,0.450733917260224
1.4109176330556,0.463498746717465,0.452894623395717
1.42175223705732,0.465759146310965,0.455127849447049
1.4326700412694,0.468060181690418,0.457401175092124
1.44367168459614,0.470415997982877,0.459729193919572
1.45475781084805,0.472842040229371,0.462127842414571
1.46592906877954,0.475308134638414,0.464565857917418
1.47718611212688,0.477829133338746,0.467058448259162
1.48852959964647,0.480418623995197,0.469619549467793
1.49996019515337,0.483047449857822,0.472219200364222
1.51147856756015,0.485731112008663,0.47487320917333
1.52308539091605,0.488481367577472,0.477593613185744
1.53478134444641,0.491270174480108,0.48035173554793
1.54656711259242,0.494113693315673,0.483164039339436
1.55844338505117,0.497021937245204,0.486040796242837
1.57041085681602,0.499967940759144,0.488954484270024
1.58247022821729,0.502968602797414,0.491922337127455
1.59462220496317,0.506032297496456,0.494952987057687
1.60686749818111,0.509133001183022,0.498019869760416
1.61920682445937,0.512288490719252,0.501141156571572
1.63164090588899,0.515505590777013,0.504323932785105
1.64417047010603,0.518759028211411,0.507542364356526
1.65679625033413,0.522067644535545,0.510815766816703
1.66951898542749,0.525436764966242,0.514149721316598
1.682339419914,0.528841656850554,0.517518895490264
1.69525830403892,0.532302441169606,0.520943983165583
1.70827639380871,0.535822940531713,0.524429047069054
1.72139445103528,0.539378767480095,0.527949048033676
1.73461324338061,0.542991541516885,0.531526307811677
1.74793354440164,0.546663523088448,0.535163298605498
1.76135613359552,0.550370517773026,0.538835100590674
1.7748817964453,0.55413583806122,0.542565916613653
1.7885113244658,0.557960073390543,0.546356502638589
1.80224551525,0.561819136433443,0.550181928167397
1.81608517251569,0.565738168349068,0.554068521553415
1.8300311061525,0.569715946621077,0.558015151041257
1.84408413226931,0.573728489676727,0.561996794870405
1.85824507324198,0.577802803548466,0.566042128931341
1.87251475776149,0.581935708253937,0.570147927507364
1.88689402088247,0.586103425612815,0.574289049637505
1.90138370407198,0.59033471450026,0.578496702325694
1.91598465525886,0.594624326151068,0.582765338965513
1.93069772888325,0.598948893369527,0.587069726307095
1.94552378594667,0.60333860896431,0.591443727325376
1.96046369406237,0.607786129710927,0.595879244900927
1.97551832750607,0.612268824979858,0.600351037210096
1.99068856726721,0.616817724973394,0.604895662683099
2.00597530110042,0.62142351822958,0.609502264802577
2.02137942357749,0.626064759423173,0.614145736158988
2.03690183613977,0.630772357066776,0.618865248815993
2.05254344715087,0.635535393352661,0.623647030019888
2.06830517194982,0.640334181811598,0.628466312440805
2.08418793290466,0.645198087201739,0.633364629687793
2.10019265946639,0.650115286686754,0.638325230712117
2.1163202882234,0.655068548245746,0.643323961214519
2.13257176295623,0.660083692231683,0.648404227048779
2.14894803469284,0.665149157194622,0.653546390760164
2.16545006176422,0.670250973420107,0.65872725718356
2.18207880986053,0.675408712612349,0.663991286686615
2.19883525208755,0.680612852260222,0.66931628362737
2.21572036902368,0.685853584391989,0.674680438020334
2.23273514877729,0.691140707100655,0.680127995025661
2.24988058704453,0.696469282009225,0.68563488022031
2.26715768716766,0.701834614844922,0.691181181814907
2.28456746019369,0.707232317381015,0.69680904243852
2.30211092493359,0.712665485863203,0.702493698537581
2.3197891080219,0.718135474366519,0.708217742521057
2.33760304397683,0.723618476768252,0.714018490340933
2.35555377526073,0.729130031113946,0.719872407720275
2.37364235234119,0.734678338671559,0.725765292988337
2.39186983375245,0.740214472123568,0.731725788626409
2.41023728615734,0.745771615590221,0.737734533274925
2.42874578440974,0.751365295945622,0.743781325115971
2.44739641161747,0.756916082814448,0.749880796842019
2.46619025920564,0.762480264244752,0.756022125798028
2.48512842698056,0.76808060321378,0.762199981987747
2.50421202319407,0.773603399804328,0.768407699187232
2.52344216460842,0.779132709740497,0.774649305110715
2.5428199765616,0.784697625308754,0.780925261630028
2.56234659303321,0.790149487908491,0.787197785469089
2.58202315671081,0.795602619815988,0.793494693655099
2.60185081905681,0.801090617185572,0.799823155529142
2.6218307403758,0.806432901460401,0.806101222463126
2.64196408988253,0.811773492239629,0.812392936678209
2.66225204577025,0.817147993757081,0.818713002749483
2.68269579527972,0.822349058366923,0.824918209496067
2.70329653476867,0.827547724155295,0.831125830189492
2.72405546978177,0.832779130684787,0.837358717425491
2.74497381512125,0.837811571692497,0.843390381213923
2.76605279491791,0.842842364342507,0.849414133926395
2.78729364270282,0.847904650286656,0.85546118397984
2.8086976014795,0.852734818137424,0.861194094853441
2.83026592379659,0.857564499645412,0.866912030728164
2.85199987182124,0.862424819004656,0.872654082163346
2.87390071741293,0.866996326475476,0.877938361556381
2.89596974219788,0.871568781390021,0.883207392010816
2.91820823764409,0.876172443442224,0.888506609934501
2.94061750513688,0.880390044321674,0.893171493226825
2.96319885605507,0.884612222954074,0.897832259469034
2.98595361184771,0.88886935823043,0.90253761590678
3.00888310411142,0.892591994230102,0.906401576318689
3.0319886746683,0.896329239693518,0.910288688696084
3.05527167564447,0.900110635062591,0.914245824261748
3.07873346954919,0.903161122589151,0.917135859461869
3.10237542935457,0.906247478178838,0.92009446522941
3.12619893857597,0.909394214159473,0.92315926433942
3.15020539135288,0.911588657703794,0.924941748485236
3.17439619253061,0.913852787005672,0.926849912753875
3.1987727577424,0.916186552006919,0.928887449239723
3.22333651349232,0.917392395949346,0.929524895986896
3.24808889723873,0.918693913739071,0.930318886808983
3.27303135747842,0.920055415020765,0.931231906079875
3.29816535383134,0.920232864964375,0.930805224070827
3.32349235712605,0.920499504205283,0.930502386252519
3.34901384948576,0.920799910549341,0.930272311116601
3.37473132441509,0.920013826857243,0.928958841584282
3.40064628688746,0.919269695287447,0.927672646282485
3.42676025343316,0.918511675802137,0.926376281708786
3.45307475222809,0.916935390268587,0.924418700118647
3.47959132318319,0.915315187227788,0.922362996001901
3.50631151803459,0.913622606036034,0.92021253370996
3.53323690043434,0.911503964295927,0.91787617928819
3.560369046042,0.909252664428858,0.91535412038429
3.58770954261678,0.906890654257154,0.912702196987925
3.61525999011049,0.904525956713432,0.910274217565547
3.64302200076116,0.901982707521659,0.907645392533676
3.6709971991874,0.899341923497982,0.904920118116295
3.69918722248343,0.897070614326314,0.902711642963128
3.72759372031494,0.894635396339595,0.900343517510255
3.75621835501558,0.892172981220053,0.897959301632804
3.78506280168428,0.890365552897834,0.896275969760413
3.81412874828322,0.888453436276927,0.894496677443015
3.84341789573666,0.886620936407251,0.892795104009339
3.87293195803046,0.885641488007351,0.891894214271547
3.9026726623124,0.884632572860688,0.890958189100841
3.93264174899318,0.883816380002252,0.89018221172572
3.96284097184838,0.883969374296506,0.890240733448368
3.993272098121,0.884160229475063,0.890309754310062
4.0239369086249,0.884636223909499,0.890596231790831
4.05483719784904,0.886114879027216,0.891695186035907
4.08597477406247,0.88767712384749,0.892831724090578
4.11735145942015,0.889577222150882,0.894212112905742
4.14896909006958,0.892427894152756,0.896331573463764
4.18082951625827,0.895382116645352,0.898498464744316
4.21293460244198,0.898677670717966,0.900901330502367
4.24528622739386,0.902790204277256,0.903918709390771
4.27788628431437,0.907003163219793,0.906979519679685
4.31073668094211,0.911511307086589,0.910230860005386
4.34383933966539,0.916635849177917,0.913918322005035
4.3771961976348,0.921840780049513,0.917635801113391
4.41080920687653,0.927249921236805,0.921456557524788
4.4446803344066,0.933025870513893,0.925478073865027
4.47881156234599,0.938852037399114,0.929512246827113
4.51320488803663,0.944749742405026,0.933516683500823
4.54786232415826,0.950725832860158,0.937430185345448
4.58278589884624,0.956718469829321,0.941341827390905
4.61797765581021,0.962605454710276,0.945045209636331
4.6534396544537,0.968242924690138,0.948320668735697
4.68917396999466,0.973868282782481,0.951589850256352
4.72518269358687,0.979160738398335,0.95443867524336
4.76146793244232,0.983834472508207,0.956507902627973
4.79803180995457,0.988485161190254,0.958579865063929
4.83487646582291,0.99253309452017,0.960019514948763
4.8720040561777,0.995573436409747,0.960371995709684
4.90941675370643,0.998611344316372,0.960740065909321
4.94711674778095,1.00078441304685,0.960323808449133
4.98510624458552,1.00161982576966,0.958641875480011
5.023387467246,1.00250387585502,0.956964980828918
5.06196265595985,1.00237245649923,0.954478988005315
5.10083406812729,1.00075795356369,0.950761963394931
5.14000397848341,0.999233914158958,0.946993395328024
5.17947467923121,0.996751143567314,0.942551454517064
5.21924848017583,0.992914176317432,0.93715614548651
5.25932770885967,0.989136454008436,0.931631884540425
5.29971471069858,0.984657479179483,0.925706747089815
5.34041184911917,0.979201856636222,0.919279808827816
5.38142150569706,0.973695087389582,0.912688592321609
5.42274608029629,0.967835770387414,0.906039545753929
5.46438799120973,0.961490082899704,0.899368195650844
5.50634967530059,0.954986920712386,0.892567973866444
5.54863358814509,0.948460424443219,0.886035294949491
5.59124220417607,0.941886921079629,0.879849443424355
5.63417801682784,0.935125546503035,0.873612436891331
5.6774435386821,0.928597748258137,0.867866342327717
5.72104130161496,0.922320281426683,0.862657196107288
5.76497385694511,0.91589523226302,0.857473723581685
5.80924377558309,0.909879027993323,0.852859094272697
5.85385364818182,0.90427131286785,0.848800951357467
5.89880608528811,0.898587017296926,0.844821330683302
5.94410371749547,0.893415637401581,0.841366475710283
5.98974919559807,0.888715395339807,0.838384146196753
6.03574519074585,0.884010314625672,0.835510005529146
6.08209439460078,0.879869074182513,0.833079804631695
6.12879951949449,0.876208211185915,0.831029328552778
6.17586329858686,0.872602802346802,0.82910631737505
6.22328848602607,0.869585189401281,0.82761931088827
6.27107785710972,0.867038739084147,0.826492796198854
6.31923420844725,0.864596374184283,0.825514755876752
6.3677603581236,0.862799126838749,0.825110520360156
6.41665914586411,0.861493890198144,0.825150922827092
6.46593343320071,0.860337634256966,0.825366219096665
6.51558610363938,0.860064325360684,0.826399739493175
6.56562006282888,0.860421439681501,0.828011401044815
6.61603823873079,0.860980504497512,0.829822425007084
6.66684358179086,0.862871801162084,0.832628754667578
6.71803906511166,0.865620520248344,0.836076581124667
6.76962768462656,0.868614002289542,0.839731384991922
6.82161245927508,0.872834337181977,0.844293727330451
6.87399643117952,0.877767832701286,0.849396781411455
6.92678266582297,0.88291638632108,0.85468576647603
6.9799742522288,0.888497205151414,0.86049163834919
7.03357430314129,0.894336242448249,0.866596327940605
7.08758595520788,0.900325753015273,0.872841858210394
7.14201236916269,0.906385089997032,0.879138237199066
7.19685673001152,0.912517999154813,0.885495106329287
7.25212224721817,0.918752626068502,0.89194413297447
7.3078121548923,0.925004099758411,0.89821419687663
7.36392971197871,0.931287756148787,0.904439334349858
7.42047820244801,0.937629735209718,0.910717601068078
7.47746093548877,0.943773767329901,0.916753584479421
7.53488124570129,0.94984802714633,0.922711080738783
7.5927424932926,0.955933109487371,0.928686173395237
7.65104806427316,0.961278163051524,0.934015790446367
7.70980137065506,0.966367270386248,0.93912912520849
7.76900585065158,0.971426443267169,0.944226218217446
7.82866496887847,0.974842726827415,0.947837952793122
7.88878221655666,0.977785178296449,0.951026132299602
7.94936111171662,0.98070138740705,0.954198188709616
8.01040519940416,0.980813626968087,0.954762910484647
8.0719180518879,0.980300470380521,0.95473675409797
8.13390326886839,0.979859387924843,0.9547683113119
8.19636447768867,0.97556406829177,0.951220309480948
8.25930533354657,0.970641586979375,0.947055936339622
8.32272951970865,0.965964426008703,0.94308011868822
8.38664074772569,0.957135824569436,0.935290650857418
8.45104275764991,0.947772101011233,0.9269748838189
8.51593931825384,0.938714918203229,0.918896659545088
8.58133422725086,0.926455323918549,0.907754426469731
8.64723131151745,0.913714014645558,0.896165667536322
8.71363442731711,0.901061675257939,0.88466498346953
8.78054746052606,0.887088829360927,0.871603858713055
8.84797432686062,0.872721137416837,0.858180084943241
8.91591897210636,0.858162921684939,0.844624363792537
8.98438537234902,0.84415374449145,0.831180455718609
9.05337753420715,0.829973087546453,0.817551418656725
9.12289949506661,0.815558694993307,0.803724355624511
9.19295532331682,0.802907799348078,0.791349193725242
9.26354911858887,0.790343906099876,0.779027659833566
9.33468501199538,0.77770849048071,0.766629201386809
9.40636716637226,0.767381216715599,0.756519522138344
9.47859977652238,0.757338353486478,0.746675040632861
9.55138706946096,0.747437504832735,0.736953948436602
9.62473330466297,0.739976804096771,0.729895383139391
9.69864277431243,0.732930168903346,0.723241805211826
9.7731198035535,0.726209172792173,0.716894794294278
9.84816875074368,0.72190425894755,0.713220483439849
9.92379400770878,0.718101057463635,0.710018110601265
10,0.714763932772173,0.707246111011727
10.0767911871528,0.714500792847873,0.707023253649053
10.1541720629481,0.714758519314253,0.707285875067634
10.2321471556749,0.715572865801543,0.708069753201396
10.3107210283956,0.718310333786679,0.710786650764048
10.3898982792128,0.721565540218844,0.713992381039253
10.4696835415386,0.725382868311518,0.717732422907722
10.5500814843655,0.7305869556799,0.722878507434704
10.6310968125399,0.736279004213211,0.728489843628424
10.7127342670371,0.74249541114156,0.734605103299955
10.7949986252389,0.749623268095488,0.741658516927695
10.8778947012134,0.75719897825477,0.749142467795785
10.9614273459964,0.76523820548378,0.757076193729651
11.0456014478753,0.773782505445127,0.765548325162923
11.1304219326752,0.782732594393502,0.774413533537029
11.2158937640474,0.792072728171081,0.783661168509874
11.3020219437596,0.801569418500016,0.793105411626224
11.3888115119884,0.811430839946924,0.802905692234672
11.476267547615,0.821600138929137,0.813012046842857
11.5643951685215,0.831622011074204,0.823017900132548
11.653199531891,0.841968823873607,0.833343614398224
11.7426858345093,0.852534301666423,0.843891735437508
11.8328593130688,0.862687625902797,0.854080518467539
11.9237252444751,0.873126975351813,0.864553497223336
12.0152889461558,0.883691939491691,0.875160685460315
12.1075557763718,0.893626851762745,0.8851932861307
12.2005311345305,0.903810003377947,0.895475056680782
12.294220461502,0.914029371816168,0.905804904067233
12.3886292399378,0.923467370499295,0.915405665667598
12.4837629945909,0.933118392699784,0.925222429459809
12.5796272926398,0.942732176045159,0.935014459002287
12.676227744014,0.95150467506759,0.94400694923723
12.7735700017223,0.960459909870319,0.953186317551127
12.8716597621835,0.969334631438816,0.962295141397867
12.97050276556,0.977416415864248,0.970635711705152
13.0701047960937,0.985657974738661,0.979140476551698
13.1704716824441,0.993816219684388,0.987566609844459
13.2716092980298,1.00133327575681,0.995356070221512
13.3735235613723,1.00899600442939,1.00329518589838
13.4762204364417,1.01661350631799,1.01118711922559
13.5797059330065,1.02381294822679,1.0186469023444
13.6839861069847,1.03115310070096,1.02625046230177
13.7890670607985,1.03851569673764,1.033868273504
13.8949549437314,1.04570405262013,1.0412845352242
14.0016559522878,1.0530364429226,1.04884670827441
14.109176330556,1.06046925811026,1.0564966244652
14.2175223705732,1.06794096557555,1.06415184175563
14.326700412694,1.07556656671792,1.07196152748389
14.4367168459614,1.08336033654847,1.07992449640909
14.5475781084805,1.09133950840523,1.08803918679667
14.6592906877954,1.09948649885191,1.0963209906988
14.7718611212688,1.10784282476367,1.10479712377797
14.8852959964647,1.11644998213761,1.11349444895856
14.9996019515337,1.12523997302558,1.12237275604496
15.1147856756015,1.13424383313521,1.13145124635106
15.2308539091605,1.14348606815357,1.14074435075661
15.3478134444641,1.15292406137047,1.15023041603196
15.4656711259242,1.16253925204145,1.15988196211565
15.5844338505117,1.17231531192925,1.16967646466252
15.7041085681602,1.18229490339316,1.17967096796182
15.8247022821729,1.19237567102066,1.1897574929369
15.9462220496317,1.20249477901637,1.19987013730034
16.0686749818111,1.21281760814291,1.21018246688038
16.1920682445937,1.22312863661379,1.22047419270405
16.3164090588899,1.23332592246025,1.23064142186903
16.4417047010603,1.24371807417274,1.24099905085501
16.5679625033413,1.25395181191243,1.25119163440993
16.6951898542749,1.26390230543296,1.2610938498853
16.82339419914,1.27402906174812,1.27116763638872
16.9525830403893,1.28382439308372,1.28090409679139
17.0827639380871,1.29316377167347,1.29017871257373
17.2139445103528,1.30265216173617,1.29959755693395
17.3461324338061,1.31162281522828,1.30849241931745
17.4793354440164,1.31997842861603,1.31676617649097
17.6135613359552,1.32845008760634,1.32515124962779
17.748817964453,1.33622333090164,1.33283070705411
17.885113244658,1.34325432645667,1.33976111282116
18.0224551525,1.35036711444688,1.346768838129
18.1608517251569,1.35663263065444,1.35292087654248
18.300311061525,1.36208043028887,1.35824759613828
18.4408413226931,1.36757936577593,1.36362149162607
18.5824507324198,1.37214535129681,1.3680527998302
18.725147577615,1.37588774557824,1.37165233038761
18.8689402088247,1.37965787039175,1.37527638938322
19.0138370407198,1.38250222837439,1.37796409686596
19.1598465525885,1.38459616331712,1.37989301400001
19.3069772888325,1.38670253283355,1.3818320526422
19.4552378594667,1.38800102732086,1.3829523601678
19.6046369406237,1.38869640036849,1.38346157186554
19.7551832750608,1.38939485462522,1.38397236074234
19.9068856726721,1.38951090925798,1.38389075261312
20.0597530110041,1.3892244707505,1.38339974586784
20.2137942357749,1.38893421397795,1.3829039055564
20.3690183613977,1.38836768114641,1.38212406416995
20.5254344715087,1.38762070342949,1.38115855463839
20.6830517194982,1.38686330245078,1.38018161899044
20.8418793290466,1.38617170077742,1.37926632966518
21.0019265946639,1.38550940154336,1.37837715249702
21.163202882234,1.38483113284729,1.37747055640469
21.3257176295623,1.3845468602867,1.37695812136618
21.4894803469284,1.38446311210596,1.37664501769632
21.6545006176422,1.38436195715576,1.37631233406468
21.8207880986053,1.38492750867202,1.37665078592947
21.9883525208755,1.3858128952683,1.37730947416248
22.1572036902368,1.38668676068534,1.37795370977703
22.3273514877728,1.38841971786841,1.37946493595865
22.4988058704453,1.39053946952827,1.38136432473396
22.6715768716766,1.39266243363119,1.38326338605402
22.8456746019369,1.39575006428115,1.38613724160291
23.0211092493359,1.39924789342752,1.38942296520098
23.1978910802191,1.40277184681326,1.39273088398497
23.3760304397682,1.40728718995441,1.39704122327654
23.5555377526073,1.41220562034644,1.40175606669553
23.7364235234119,1.41717905888655,1.4065217911151
23.9186983375245,1.42310793291531,1.41225375833608
24.1023728615734,1.42941535787782,1.41836506973857
24.2874578440975,1.43580993612648,1.42455932518258
24.4739641161747,1.44307993245034,1.43163880099402
24.6619025920564,1.45069718364319,1.43906551333419
24.8512842698056,1.4584345686415,1.44660810716531
25.0421202319407,1.46694520229401,1.45492747767293
25.2344216460841,1.47577400349445,1.46356269297578
25.428199765616,1.48475534720328,1.47234594078812
25.6234659303321,1.49437464345698,1.48177788984067
25.8202315671081,1.50428226993631,1.49149735269852
26.018508190568,1.51437189527546,1.50139433654004
26.218307403758,1.52498734269954,1.51182363040085
26.4196408988253,1.5358751389947,1.52252304053858
26.6225204577025,1.54697232812212,1.53342724071394
26.8269579527973,1.5584799601568,1.54474530004163
27.0329653476867,1.57024987784117,1.55632235743024
27.2405546978177,1.58225413156136,1.56812889024396
27.4497381512125,1.59455661276131,1.58023540246424
27.6605279491791,1.60711768595996,1.59259647359135
27.8729364270282,1.61993552757979,1.6052091080673
28.086976014795,1.63294648918486,1.61801625097303
28.3026592379659,1.64621839523061,1.63107977041708
28.5199987182125,1.65976714255684,1.64441454412363
28.7390071741293,1.67341300078585,1.65784848850166
28.9596974219788,1.68732747769744,1.67154606375483
29.1820823764409,1.70153677645408,1.68553249600342
29.4061750513688,1.71575686448555,1.69953317256106
29.6319885605507,1.73025770513746,1.71380923746562
29.8595361184771,1.74506957060172,1.72839001875459
30.0888310411141,1.75981526387613,1.74290991254114
30.319886746683,1.77485746442459,1.75772057291606
30.5527167564447,1.79022543303355,1.7728504023659
30.7873346954919,1.8054587629527,1.78785290370989
31.0237542935457,1.82100724296403,1.80316441826248
31.2619893857597,1.83689506993795,1.81880845252013
31.5020539135289,1.85258715426329,1.83426609763485
31.7439619253061,1.86861532504437,1.85005327294486
31.987727577424,1.8849896042657,1.86617974402714
32.2333651349232,1.90112500578521,1.88207826930554
32.4808889723873,1.91761335467509,1.89832292791948
32.7303135747842,1.93444654888114,1.91490591605629
32.9816535383135,1.95101735704956,1.93123839988948
33.2349235712606,1.96795213870497,1.94792800013382
33.4901384948576,1.98522838821673,1.964952945548
33.7473132441509,2.00222579838049,1.98171156987089
34.0064628688746,2.01959787381654,1.9988380059276
34.2676025343316,2.03730632417291,2.01629515743017
34.5307475222809,2.05472502812675,2.03347542085169
34.795913231832,2.07252886150077,2.05103400281581
35.0631151803459,2.0906625395986,2.06891727833301
35.3323690043434,2.1084998997254,2.08651716785419
35.60369046042,2.12673270558628,2.10450576647168
35.8770954261678,2.14528757132547,2.12281180462135
36.1525999011049,2.16354292536252,2.14083110604958
36.4302200076116,2.18220395048431,2.1592494404204
36.709971991874,2.20117810411905,2.17797681671265
36.9918722248343,2.21985218188358,2.19641654117961
37.2759372031494,2.23894210252127,2.21526558620806
37.5621835501558,2.25833512467552,2.2344141662614
37.8506280168428,2.27742955792508,2.25327607140975
38.1412874828321,2.29694997317897,2.27255756294138
38.4341789573666,2.31676237465055,2.29212796685641
38.7293195803047,2.33627928270591,2.31141415362076
39.0267266231239,2.35623228605606,2.33113017158518
39.3264174899318,2.37646950757089,2.35112742642682
39.6284097184838,2.39643537401349,2.37086226036747
39.93272098121,2.41684831707572,2.39103795970502
40.239369086249,2.4375318919687,2.41148195614351
40.5483719784904,2.45794373295909,2.43166370370109
40.8597477406247,2.47881340516812,2.4522971761444
41.1735145942015,2.49994174320433,2.47318730253637
41.4896909006958,2.5208105822364,2.49382651400472
41.8082951625827,2.54214828693781,2.51492857478246
42.1293460244198,2.56373222629846,2.53627516310255
42.4528622739386,2.58507034553603,2.55738371975475
42.7788628431438,2.60688868485438,2.57896655752148
43.107366809421,2.62894036855148,2.60078132610805
43.4383933966539,2.65076120504438,2.62237233428308
43.771961976348,2.67307397272775,2.64444940184642
44.1080920687653,2.69560673071447,2.66674533454837
44.446803344066,2.71792479950414,2.68883304624359
44.78811562346,2.74074690156048,2.71141897865851
45.1320488803664,2.76377516351902,2.7342102343066
45.4786232415826,2.78660600486006,2.75680999182188
45.8278589884624,2.80995340509504,2.77992054932247
46.1797765581021,2.83349264056019,2.80322239853199
46.534396544537,2.85685278895897,2.82635060114139
46.8917396999466,2.88074247709312,2.8500026348425
47.2518269358687,2.90480916015806,2.87383142171894
47.6146793244233,2.92871613346374,2.89750551281009
47.9803180995456,2.95316611397822,2.92171695157201
48.3487646582291,2.97777771048658,2.94609007844464
48.720040561777,3.00225001778536,2.97032855205717
49.0941675370643,3.02727931823863,2.99511840943608
49.4711674778095,3.05245429398084,3.02005434333186
49.8510624458553,3.07751146157312,3.04487676955495
50.2338746724599,3.1031401596505,3.07026517027874
50.6196265595984,3.12889800873616,3.09578347050816
51.0083406812729,3.1545606240554,3.12121053972011
51.4000397848341,3.18080989320962,3.14721876570106
51.7947467923121,3.20717118646702,3.17334013254811
52.1924848017584,3.2334609603677,3.19939371910269
52.5932770885967,3.26035313451883,3.22604427561317
52.9971471069858,3.28733958847302,3.25279062085926
53.4041184911917,3.31427943700008,3.27949386746916
53.8142150569706,3.34183809544877,3.30681057080858
54.2274608029629,3.36947266322568,3.33420511161772
54.6438799120973,3.39708681068445,3.3615825364585
55.063496753006,3.42533688516168,3.38959062522302
55.486335881451,3.45364387155989,3.41765800382757
55.9124220417606,3.48195797762232,3.44573563329793
56.3417801682784,3.5109258843068,3.47446190631709
56.774435386821,3.53993108833394,3.50322833907299
57.2104130161496,3.5689724029144,3.53203387022592
57.6497385694511,3.59868620334901,3.56150685536612
58.092437755831,3.62841709281733,3.591000316058
58.5385364818181,3.6582146438157,3.62056331411886
58.988060852881,3.68870424000317,3.65081347360394
59.4410371749547,3.71919016437545,3.68106391759533
59.8974919559807,3.74977498496534,3.71141605565837
60.3574519074585,3.78107235564726,3.74247603530916
60.8209439460079,3.8123448053888,3.77351567324801
61.2879951949449,3.84375020968812,3.80469102347314
61.7586329858685,3.87588969701436,3.83659595561574
62.2328848602607,3.9079675525065,3.86844248953439
62.7107785710972,3.94020293804819,3.90044776242526
63.1923420844725,3.97319409377611,3.93320441033341
63.677603581236,4.00612622597778,3.96590897247795
64.1665914586411,4.03927189033641,3.99883048117756
64.6593343320071,4.07319777357612,4.03252815958666
65.1558610363937,4.10703947895503,4.06614958788664
65.6562006282888,4.14113287355147,4.1000262877595
66.1603823873079,4.17603210930564,4.13470518829132
66.6684358179086,4.21082068227585,4.16928235358477
67.1803906511166,4.24590112399622,4.20415514625508
67.6962768462657,4.28181426967868,4.23985747722825
68.2161245927507,4.31758831544114,4.27543040162067
68.7399643117951,4.35369627430266,4.31134105815139
69.2678266582297,4.39066507987778,4.34810992539213
69.799742522288,4.42746300803713,4.38471719887225
70.3357430314129,4.46463830000359,4.42170515283935
70.8758595520788,4.50270383154736,4.4595812271168
71.420123691627,4.5405625396694,4.49725569056035
71.9685673001151,4.57884345637129,4.53535356401197
72.5212224721816,4.618045204539,4.57437044678215
73.078121548923,4.65703040868779,4.61319571855244
73.6392971197872,4.6964975831177,4.65251258676922
74.2047820244801,4.73691911710549,4.69278347839393
74.7746093548878,4.77711259167673,4.73282161122132
75.348812457013,4.81784963488581,4.77340120169423
75.9274249329259,4.85957746132067,4.814971056642
76.5104806427316,4.90104971989622,4.85632628878874
77.0980137065506,4.94312466702838,4.89829854902177
77.6900585065158,4.98622931972076,4.94130242131116
78.2866496887847,5.02905726778187,4.98403951975705
78.8878221655667,5.07255297195176,5.02744899204585
79.4936111171662,5.11712018833208,5.07193270733165
80.1040519940415,5.16136546720691,5.11611362374467
80.719180518879,5.20634066957755,5.1610321848244
81.3390326886839,5.25243120822027,5.20707021801012
81.9636447768867,5.29818564334421,5.25279887607248
82.5930533354657,5.34474529707706,5.29934311419387
83.2272951970866,5.39246805417283,5.34705651202064
83.8664074772568,5.43984391484037,5.39445420103035
84.510427576499,5.48810578832669,5.4427502765324
85.1593931825384,5.53758302045664,5.49227007925472
85.8133422725086,5.58670092150432,5.54146595668472
86.4723131151745,5.63679054880115,5.59164813781938
87.1363442731711,5.68815263618922,5.64311388078761
87.8054746052607,5.7391437830115,5.69424954005166
88.4797432686061,5.79119847905953,5.74646607506905
89.1591897210636,5.84458813279313,5.80003193672217
89.8438537234902,5.89760021337677,5.85326838883587
90.5337753420715,5.95177515763255,5.90768847606226
91.2289949506661,6.00735379029937,5.96353058184603
91.9295532331683,6.06255691413272,6.01905475401826
92.6354911858886,6.11903094643489,6.07587485173792
93.3468501199537,6.17698475566919,6.134197906575
94.0636716637226,6.23457649656648,6.19222825107243
94.7859977652238,6.29355707887572,6.25167764434647
95.5138706946096,6.35410227721273,6.31272081106532
96.2473330466298,6.4143121346579,6.37351259896544
96.9864277431244,6.47603991429236,6.43585886069749
97.7311980355349,6.53942756294759,6.49990155440189
98.4816875074367,6.60252362810755,6.56375507374748
99.2379400770878,6.66727950962693,6.62931276908466
100,6.73380300348667,6.6966838824894
100.767911871528,6.80004204408138,6.76389769168131
101.541720629481,6.86809491539357,6.83297937160419
102.321471556749,6.93799471594112,6.90396680984502
103.107210283956,7.00779818612545,6.97498807632137
103.898982792128,7.07954731515077,7.04802172836789
104.696835415386,7.15325599301167,7.12309224650273
105.500814843655,7.2274156172962,7.19884644436021
106.310968125399,7.30369112587103,7.27680359314935
107.127342670371,7.38204856233656,7.35694332706974
107.949986252389,7.46069172324487,7.43759621425201
108.778947012134,7.54162837062012,7.52065267278562
109.614273459964,7.62481161578817,7.60608570229547
110.456014478753,7.70873832176349,7.6925377103082
111.304219326752,7.7951761487645,7.78164044035282
112.158937640474,7.88406623687222,7.8733679653643
113.020219437596,7.97409270649051,7.96661135349388
113.888115119884,8.06689274390295,8.06280917651297
114.76267547615,8.16241051337138,8.16195619869982
115.643951685215,8.2595572952311,8.26323093047692
116.53199531891,8.35979801146435,8.36783729058944
117.426858345093,8.46311893181399,8.47583272305316
118.328593130688,8.56879990833239,8.58681072963544
119.237252444751,8.67797961834526,8.70160224679746
120.152889461558,8.79070684484377,8.8203669151553
121.075557763718,8.90660305432104,8.9431488678746
122.005311345305,9.02650951900119,9.07036645748785
122.94220461502,9.15060128777393,9.20236383775131
123.886292399378,9.27897703520675,9.3397981225754
124.837629945909,9.41202706760218,9.4824932146961
125.796272926398,9.55014376221366,9.63110122217797
126.76227744014,9.69405000793357,9.78709245033491
127.735700017223,9.84351450877804,9.94946915414524
128.716597621835,9.99928604782981,10.1193839238565
129.7050276556,10.1629069658925,10.2993972482097
130.701047960937,10.333294878073,10.4873742646279
131.704716824441,10.5117719591776,10.6852725276195
132.716092980298,10.7009729855661,10.8971365449772
133.735235613723,10.8986422940699,11.1192473727422
134.762204364417,11.1070119882151,11.3548447497367
135.797059330065,11.3301848422656,11.6100036465019
136.839861069847,11.5642904634382,11.8788046488719
137.890670607985,11.8129212517275,12.1664214593846
138.949549437314,12.0820306737638,12.4815281756006
140.016559522878,12.3657026510552,12.8153646285007
141.09176330556,12.6699114846274,13.1763182821643
142.175223705732,13.0035277298732,13.5768462410192
143.26700412694,13.3572108888188,14.0036392410681
144.367168459614,13.7400022657124,14.4686075320183
145.475781084805,14.1636126525414,14.9865192579862
146.592906877954,14.6149822590323,15.5391716017867
147.718611212688,15.1060914067955,16.1377740196383
148.852959964647,15.6492830109422,16.7887470961434
149.996019515337,16.2272028682657,17.468214294789
151.147856756015,16.8468562574905,18.1551640799686
152.308539091605,17.5056581343286,18.794280048422
153.478134444641,18.1825765539297,19.3640202329833
154.656711259242,18.8334005586431,19.6923936544
155.844338505117,19.3758477009359,19.5655741054004
157.041085681602,19.8066428553451,19.1438057895564
158.247022821729,19.897178728623,18.1034466427777
159.462220496317,19.4417328516952,16.4245112178518
160.686749818111,18.7054971589345,14.7812372216509
161.920682445937,17.3691790263047,12.9470389059265
163.164090588899,15.520067050885,11.0574005021774
164.417047010603,13.8163085854164,9.5316797602716
165.679625033413,12.0360043260116,8.2325287517044
166.951898542749,10.2899006386924,7.10757816111487
168.2339419914,8.8816113053518,6.18799479030193
169.525830403893,7.73829116550392,5.57210999229819
170.827639380871,6.79036250959655,5.17651093612392
172.139445103528,6.00037498780822,4.81541459552394
173.461324338061,5.51280246008911,4.66656350463458
174.793354440164,5.24627235464401,4.70476593009112
176.135613359552,4.99362585446428,4.72101472224905
177.48817964453,4.92516834875501,4.8158238608111
178.85113244658,5.01944286783317,5.00518557448765
180.224551525,5.09305413178521,5.1828945521348
181.608517251569,5.22703211465148,5.37336697573181
183.00311061525,5.43328199774483,5.59033477708665
184.408413226931,5.63216430361357,5.80942519416134
185.824507324198,5.83813334834299,6.02158276897728
187.25147577615,6.06142490798866,6.23336218293252
188.689402088247,6.28859846166197,6.45277875304592
190.138370407198,6.50686563039669,6.65997496114288
191.598465525885,6.72268734960547,6.85958289929082
193.069772888325,6.94662179002159,7.06806477955325
194.552378594667,7.15765891297058,7.26393949181055
196.046369406237,7.36160858003621,7.45205718253054
197.551832750608,7.57457754492786,7.64886544953172
199.068856726721,7.7745355164926,7.83398120668937
200.597530110041,7.96770801135335,8.01283538280064
202.137942357749,8.16966942028609,8.1998219794143
203.690183613977,8.35968661296978,8.37637711349794
205.254344715087,8.5444691683328,8.54840624131528
206.830517194982,8.73752828751996,8.72800073122657
208.418793290466,8.91997933951085,8.89841252292558
210.019265946639,9.09886294987814,9.06586171747003
211.63202882234,9.28552290277252,9.24040841214371
213.257176295623,9.46287693568983,9.40690447497655
214.894803469284,9.63815311325936,9.57176388061133
216.545006176422,9.82080686151458,9.74337391972044
218.207880986053,9.9953402979307,9.90793745258187
219.883525208755,10.1690732383535,10.0719851576842
221.572036902368,10.3499059132467,10.2425535480014
223.273514877728,10.5236879427957,10.4069753961433
224.988058704453,10.6977733806699,10.5718506815147
226.715768716766,10.8788003702528,10.7431247617387
228.456746019369,11.0537639729561,10.9090862831062
230.211092493359,11.2300158960033,11.0763720009923
231.978910802191,11.4131666405934,11.2500364183383
233.760304397682,11.5912071752207,11.4192019302084
235.555377526073,11.7714557381844,11.5905118155419
237.364235234119,11.9586754249016,11.7682811321979
239.186983375245,12.1417569003041,11.9423911099919
241.023728615734,12.3279492271439,12.1194563036253
242.874578440975,12.5213058224555,12.3031675795366
244.739641161747,12.7115458331406,12.48410091257
246.619025920564,12.9058175339296,12.6688164692036
248.512842698056,13.1075783581394,12.8604793522678
250.421202319407,13.3073330438639,13.0501065224907
252.344216460841,13.5120945383674,13.244317366632
254.28199765616,13.7248185758176,13.4458854866836
256.234659303321,13.9345427984619,13.6446046137922
258.202315671081,14.1496459648009,13.8482694476008
260.18508190568,14.373146698265,14.059673639624
262.18307403758,14.590154680486,14.2634148072459
264.196408988253,14.8122630144589,14.4714018312279
266.225204577025,15.0429424211941,14.6871407270544
268.269579527973,15.2729810636894,14.9015382846195
270.329653476867,15.5102051201441,15.1222445744412
272.405546978177,15.7567664053696,15.3513126902559
274.497381512124,16.0212896935896,15.5992216894856
276.605279491791,16.2981586605744,15.8587536373838
278.729364270282,16.5869361001878,16.1291118868282
280.86976014795,16.8962121099567,16.418557592833
283.026592379659,17.2205792038453,16.7217571111814
285.199987182125,17.5600872721203,17.0386713859023
287.390071741293,17.9258350583577,17.3767847722046
289.596974219788,18.3105402510304,17.7315262475966
291.820823764409,18.7145423682523,18.1033809657217
294.061750513688,19.1481812441704,18.5015697700668
296.319885605507,19.6041826377369,18.9196383567317
298.595361184771,20.0832732605279,19.3582225915652
300.888310411141,20.5630581991918,19.7966121968256
303.19886746683,21.0578072345958,20.2490668385111
305.527167564447,21.5679894690966,20.716368209921
307.873346954919,21.7864421117937,20.9209343850817
310.237542935457,21.9592673107504,21.0906973234821
312.619893857597,22.0909922867161,21.2304500249281
315.020539135289,21.2202932947467,20.526981965444
317.439619253061,20.3745095872646,19.8360588939571
319.87727577424,19.5657663133393,19.1682170956233
322.333651349232,18.8579430127359,18.5888766354717
324.808889723873,18.182746887914,18.0305882091738
327.303135747842,17.5617300475051,17.5129528938438
329.816535383135,17.6537121995906,17.6285077781872
332.349235712606,17.7266696349149,17.7301891850502
334.901384948576,17.7982347611282,17.8339784790213
337.473132441509,18.2264317720355,18.2666668909535
340.064628688746,18.6690172847643,18.7169433205982
342.676025343316,19.1343330321546,19.1922541772696
345.307475222809,19.7443156676203,19.79263453551
347.95913231832,20.3978115161466,20.4358924917933
350.631151803459,21.0976963453433,21.1253016077148
353.323690043434,21.8326539964701,21.8525548449983
356.0369046042,22.6264774761498,22.6369249406378
358.770954261678,23.4827583177921,23.4824980836549
361.525999011049,24.3770074698506,24.3703369745879
364.302200076116,25.3414868601665,25.3235314245258
367.09971991874,26.3692674627623,26.3285711178405
369.918722248343,27.3548433083179,27.2399325997912
372.759372031494,28.3649424572633,28.1434677264953
375.621835501558,29.2471425636117,28.8276243137739
378.506280168428,29.1978073998144,28.2513847599391
381.412874828321,28.9128539510225,27.4450032757358
384.341789573666,27.9245956583447,26.0335002301941
387.293195803047,24.8664663371377,22.9384113169593
390.267266231239,22.3338659068346,20.4606046901743
393.264174899318,20.3554890532233,18.6641961885555
396.284097184838,19.1233649080717,17.9380400885774
399.3272098121,17.9117113957454,17.1373174694845
402.39369086249,17.088862495946,16.5827635658732
405.483719784904,17.5301764530536,17.0821818832733
408.597477406247,17.9117304579903,17.5475342707166
411.735145942015,18.312230760626,18.0250443098356
414.896909006958,19.0300944369386,18.7143187650364
418.082951625827,19.7903546479063,19.4474581030107
421.293460244198,20.5694581274538,20.1974882247592
424.528622739386,21.3260816922816,20.9085223068906
427.788628431438,22.1413498077835,21.6731727152415
431.073668094211,22.9846129409388,22.4633634866261
434.383933966539,23.7886234661332,23.2173948329957
437.71961976348,24.6561797753135,24.0289512119632
441.080920687653,25.5619633468846,24.8758205058252
444.46803344066,26.4553688597408,25.7138502266598
447.881156234599,27.4208143016811,26.6172048850009
451.320488803664,28.4383130554935,27.5687505163475
454.786232415826,29.4718841764965,28.537775656756
458.278589884624,30.5919435926497,29.5853346047417
461.797765581021,31.7930720500016,30.7085580887671
465.34396544537,33.0642833050832,31.9004603048046
468.917396999466,34.4506696148854,33.1971308151692
472.518269358687,35.9723893897009,34.6207789318659
476.146793244233,37.65174084596,36.1961644779265
479.803180995456,39.5031935058997,37.9281749896524
483.487646582291,41.5947471422518,39.8862280102465
487.20040561777,43.9981236718131,42.1419637825134
490.941675370643,46.6842012129871,44.6527877158163
494.711674778095,49.8013664265646,47.5600480517183
498.510624458553,53.4681711442709,50.9636413984851
502.338746724599,57.5540856491012,54.7086052055198
506.196265595984,62.13394676805,58.7732744619453
510.083406812729,66.8495573711563,62.6423812738824
514.000397848341,71.0006104409142,65.6612689995727
517.947467923121,72.3247139928617,65.297533113001
521.924848017584,68.4801111779606,59.8873477546315
525.932770885967,62.3267396686122,53.2972732901475
529.971471069858,51.6534939058078,43.435230515436
534.041184911917,40.4279884543061,33.6915906484442
538.142150569706,32.9387702673696,27.3639733801346
542.274608029629,26.8266937199461,22.9114514249974
546.438799120973,21.5201525045196,19.1007136801574
550.63496753006,17.6842421374642,16.010025749003
554.86335881451,16.4369095013213,15.1346538346513
559.124220417606,16.5723694828032,15.7470966575428
563.417801682784,16.0232517071869,15.8459041900604
567.74435386821,16.2482836837447,16.3361490836037
572.104130161497,17.7344336412299,17.7195581317711
576.497385694511,19.3009877947086,19.2282581285876
580.92437755831,20.8892090735241,20.7172519339576
585.385364818181,22.6949105176543,22.2799855097301
589.88060852881,24.8219208169238,24.0878888198718
594.410371749547,26.9705445656863,25.8846390446657
598.974919559807,29.1553280837387,27.6776958256323
603.574519074585,31.7450065564785,29.7532279194915
608.209439460079,34.4579224311514,31.8712271315114
612.879951949449,37.3150959406304,34.0508232181971
617.586329858685,40.677143097005,36.55865086041
622.328848602607,44.2052233043239,39.2544053077109
627.107785710972,47.764467653875,42.1417009354987
631.923420844725,51.5013632847565,45.3711996448057
636.77603581236,52.5737864958622,47.8421413758334
641.665914586411,50.6305997106152,49.0884457337067
646.593343320072,47.5072658161487,49.444077633878
651.558610363938,40.2441383744331,44.417371265837
656.562006282888,33.2851058883124,38.0372687932538
661.603823873079,28.2858398808601,33.0531774004054
666.684358179086,26.8707348265261,30.5082694522415
671.803906511166,26.4592449075533,28.6409701543438
676.962768462657,25.5308367028531,26.6388319655658
682.161245927507,26.6649194692317,27.2497892532214
687.399643117951,29.3231553473131,29.3663669559692
692.678266582297,32.4518166983984,31.682077658765
697.99742522288,35.49425035414,34.0469978402182
703.357430314129,38.7575446734255,36.6891775854608
708.758595520788,42.6481268667881,39.7822170983217
714.20123691627,46.0887231152288,42.7031668460307
719.685673001151,49.285577816167,45.6619234632196
725.212224721816,52.5745111810669,48.9413955461625
730.78121548923,53.0268575934008,50.5274789702374
736.392971197871,51.1947027152112,50.5767116416131
742.047820244801,48.3177226883076,49.6692401954562
747.746093548878,41.5776627932935,43.7835122396199
753.48812457013,35.5525632766098,37.9983141179083
759.274249329259,30.9899923408637,33.5117712494916
765.104806427316,30.9086673496261,33.4241331602183
770.980137065506,31.9508229494227,34.3562301845372
776.900585065158,32.8769862084998,35.0446532358862
782.866496887847,34.5008001656153,37.7581409852594
788.878221655667,36.1831767230348,41.6443683007136
794.936111171661,37.5344991845831,46.2988829521065
801.040519940415,32.0095132105323,46.6397392994135
807.19180518879,26.4803753341386,44.1013270037328
813.390326886839,22.3521632565275,40.4309875497321
819.636447768867,17.9651457825635,30.2383518066416
825.930533354657,14.3600597951345,23.302316118472
832.272951970866,11.740456308632,18.8588869131219
838.664074772568,12.2728033235923,17.7544638535964
845.10427576499,12.8388893886518,16.117779545192
851.593931825384,12.6611570973996,14.094260121078
858.133422725086,13.7820954701338,15.1629862001885
864.723131151745,15.4012824139697,16.7968881312939
871.363442731711,17.2695344540236,18.3318307434742
878.054746052607,18.8808060862098,20.0529280511759
884.797432686061,20.7275813428843,22.14852874472
891.591897210636,22.9722897549789,24.6872166715876
898.438537234902,24.7292148426932,26.7980768968785
905.337753420715,26.6604476209227,29.1900868118571
912.289949506661,28.9294248075232,32.0736805880989
919.295532331683,30.0271079902918,33.9944084435355
926.354911858886,31.0565870811073,35.9828206329291
933.468501199537,32.1407004935531,38.1744441341931
940.636716637226,32.9626382068258,38.8942456955682
947.859977652238,33.8082644156799,39.5171983101656
955.138706946096,34.7036831090153,40.1432414670099
962.473330466298,36.3159207854667,42.0647036123504
969.864277431244,38.1180464938663,44.2595768116705
977.311980355349,40.1037637662016,46.7157920801233
984.816875074367,39.0394914977678,50.9271252611545
992.379400770878,37.8923732503752,55.8189886111905
1000,36.737697450164,61.4193622523844
